mask,predicates,source,qualified_pairs,qualified_triples,is_frozen_full_selector
1,UJ,integer_divisibility_active_30,45,120,false
1,UJ,mutated_cover_promote_6,5,0,false
1,UJ,composite_only,3,1,false
1,UJ,seeded_generic_dag_29031,1,0,false
1,UJ,seeded_random_inventory_29032,2,4,false
1,UJ,transported_free_commutative_clone_30,45,120,false
2,BI,integer_divisibility_active_30,45,120,false
2,BI,mutated_cover_promote_6,3,0,false
2,BI,composite_only,2,0,false
2,BI,seeded_generic_dag_29031,1,0,false
2,BI,seeded_random_inventory_29032,0,0,false
2,BI,transported_free_commutative_clone_30,45,120,false
3,UJ+BI,integer_divisibility_active_30,45,120,false
3,UJ+BI,mutated_cover_promote_6,3,0,false
3,UJ+BI,composite_only,2,0,false
3,UJ+BI,seeded_generic_dag_29031,1,0,false
3,UJ+BI,seeded_random_inventory_29032,0,0,false
3,UJ+BI,transported_free_commutative_clone_30,45,120,false
4,MU,integer_divisibility_active_30,45,120,false
4,MU,mutated_cover_promote_6,5,0,false
4,MU,composite_only,2,0,false
4,MU,seeded_generic_dag_29031,1,0,false
4,MU,seeded_random_inventory_29032,0,0,false
4,MU,transported_free_commutative_clone_30,45,120,false
5,UJ+MU,integer_divisibility_active_30,45,120,false
5,UJ+MU,mutated_cover_promote_6,5,0,false
5,UJ+MU,composite_only,2,0,false
5,UJ+MU,seeded_generic_dag_29031,1,0,false
5,UJ+MU,seeded_random_inventory_29032,0,0,false
5,UJ+MU,transported_free_commutative_clone_30,45,120,false
6,BI+MU,integer_divisibility_active_30,45,120,false
6,BI+MU,mutated_cover_promote_6,3,0,false
6,BI+MU,composite_only,2,0,false
6,BI+MU,seeded_generic_dag_29031,1,0,false
6,BI+MU,seeded_random_inventory_29032,0,0,false
6,BI+MU,transported_free_commutative_clone_30,45,120,false
7,UJ+BI+MU,integer_divisibility_active_30,45,120,false
7,UJ+BI+MU,mutated_cover_promote_6,3,0,false
7,UJ+BI+MU,composite_only,2,0,false
7,UJ+BI+MU,seeded_generic_dag_29031,1,0,false
7,UJ+BI+MU,seeded_random_inventory_29032,0,0,false
7,UJ+BI+MU,transported_free_commutative_clone_30,45,120,false
8,RM,integer_divisibility_active_30,45,120,false
8,RM,mutated_cover_promote_6,5,0,false
8,RM,composite_only,1,0,false
8,RM,seeded_generic_dag_29031,0,0,false
8,RM,seeded_random_inventory_29032,0,0,false
8,RM,transported_free_commutative_clone_30,45,120,false
9,UJ+RM,integer_divisibility_active_30,45,120,false
9,UJ+RM,mutated_cover_promote_6,5,0,false
9,UJ+RM,composite_only,1,0,false
9,UJ+RM,seeded_generic_dag_29031,0,0,false
9,UJ+RM,seeded_random_inventory_29032,0,0,false
9,UJ+RM,transported_free_commutative_clone_30,45,120,false
10,BI+RM,integer_divisibility_active_30,45,120,false
10,BI+RM,mutated_cover_promote_6,3,0,false
10,BI+RM,composite_only,0,0,false
10,BI+RM,seeded_generic_dag_29031,0,0,false
10,BI+RM,seeded_random_inventory_29032,0,0,false
10,BI+RM,transported_free_commutative_clone_30,45,120,false
11,UJ+BI+RM,integer_divisibility_active_30,45,120,false
11,UJ+BI+RM,mutated_cover_promote_6,3,0,false
11,UJ+BI+RM,composite_only,0,0,false
11,UJ+BI+RM,seeded_generic_dag_29031,0,0,false
11,UJ+BI+RM,seeded_random_inventory_29032,0,0,false
11,UJ+BI+RM,transported_free_commutative_clone_30,45,120,false
12,MU+RM,integer_divisibility_active_30,45,120,false
12,MU+RM,mutated_cover_promote_6,5,0,false
12,MU+RM,composite_only,0,0,false
12,MU+RM,seeded_generic_dag_29031,0,0,false
12,MU+RM,seeded_random_inventory_29032,0,0,false
12,MU+RM,transported_free_commutative_clone_30,45,120,false
13,UJ+MU+RM,integer_divisibility_active_30,45,120,false
13,UJ+MU+RM,mutated_cover_promote_6,5,0,false
13,UJ+MU+RM,composite_only,0,0,false
13,UJ+MU+RM,seeded_generic_dag_29031,0,0,false
13,UJ+MU+RM,seeded_random_inventory_29032,0,0,false
13,UJ+MU+RM,transported_free_commutative_clone_30,45,120,false
14,BI+MU+RM,integer_divisibility_active_30,45,120,false
14,BI+MU+RM,mutated_cover_promote_6,3,0,false
14,BI+MU+RM,composite_only,0,0,false
14,BI+MU+RM,seeded_generic_dag_29031,0,0,false
14,BI+MU+RM,seeded_random_inventory_29032,0,0,false
14,BI+MU+RM,transported_free_commutative_clone_30,45,120,false
15,UJ+BI+MU+RM,integer_divisibility_active_30,45,120,false
15,UJ+BI+MU+RM,mutated_cover_promote_6,3,0,false
15,UJ+BI+MU+RM,composite_only,0,0,false
15,UJ+BI+MU+RM,seeded_generic_dag_29031,0,0,false
15,UJ+BI+MU+RM,seeded_random_inventory_29032,0,0,false
15,UJ+BI+MU+RM,transported_free_commutative_clone_30,45,120,false
16,TA,integer_divisibility_active_30,45,120,false
16,TA,mutated_cover_promote_6,5,0,false
16,TA,composite_only,3,1,false
16,TA,seeded_generic_dag_29031,1,0,false
16,TA,seeded_random_inventory_29032,2,0,false
16,TA,transported_free_commutative_clone_30,45,120,false
17,UJ+TA,integer_divisibility_active_30,45,120,false
17,UJ+TA,mutated_cover_promote_6,5,0,false
17,UJ+TA,composite_only,3,1,false
17,UJ+TA,seeded_generic_dag_29031,1,0,false
17,UJ+TA,seeded_random_inventory_29032,2,0,false
17,UJ+TA,transported_free_commutative_clone_30,45,120,false
18,BI+TA,integer_divisibility_active_30,45,120,false
18,BI+TA,mutated_cover_promote_6,3,0,false
18,BI+TA,composite_only,2,0,false
18,BI+TA,seeded_generic_dag_29031,1,0,false
18,BI+TA,seeded_random_inventory_29032,0,0,false
18,BI+TA,transported_free_commutative_clone_30,45,120,false
19,UJ+BI+TA,integer_divisibility_active_30,45,120,false
19,UJ+BI+TA,mutated_cover_promote_6,3,0,false
19,UJ+BI+TA,composite_only,2,0,false
19,UJ+BI+TA,seeded_generic_dag_29031,1,0,false
19,UJ+BI+TA,seeded_random_inventory_29032,0,0,false
19,UJ+BI+TA,transported_free_commutative_clone_30,45,120,false
20,MU+TA,integer_divisibility_active_30,45,120,false
20,MU+TA,mutated_cover_promote_6,5,0,false
20,MU+TA,composite_only,2,0,false
20,MU+TA,seeded_generic_dag_29031,1,0,false
20,MU+TA,seeded_random_inventory_29032,0,0,false
20,MU+TA,transported_free_commutative_clone_30,45,120,false
21,UJ+MU+TA,integer_divisibility_active_30,45,120,false
21,UJ+MU+TA,mutated_cover_promote_6,5,0,false
21,UJ+MU+TA,composite_only,2,0,false
21,UJ+MU+TA,seeded_generic_dag_29031,1,0,false
21,UJ+MU+TA,seeded_random_inventory_29032,0,0,false
21,UJ+MU+TA,transported_free_commutative_clone_30,45,120,false
22,BI+MU+TA,integer_divisibility_active_30,45,120,false
22,BI+MU+TA,mutated_cover_promote_6,3,0,false
22,BI+MU+TA,composite_only,2,0,false
22,BI+MU+TA,seeded_generic_dag_29031,1,0,false
22,BI+MU+TA,seeded_random_inventory_29032,0,0,false
22,BI+MU+TA,transported_free_commutative_clone_30,45,120,false
23,UJ+BI+MU+TA,integer_divisibility_active_30,45,120,false
23,UJ+BI+MU+TA,mutated_cover_promote_6,3,0,false
23,UJ+BI+MU+TA,composite_only,2,0,false
23,UJ+BI+MU+TA,seeded_generic_dag_29031,1,0,false
23,UJ+BI+MU+TA,seeded_random_inventory_29032,0,0,false
23,UJ+BI+MU+TA,transported_free_commutative_clone_30,45,120,false
24,RM+TA,integer_divisibility_active_30,45,120,false
24,RM+TA,mutated_cover_promote_6,5,0,false
24,RM+TA,composite_only,1,0,false
24,RM+TA,seeded_generic_dag_29031,0,0,false
24,RM+TA,seeded_random_inventory_29032,0,0,false
24,RM+TA,transported_free_commutative_clone_30,45,120,false
25,UJ+RM+TA,integer_divisibility_active_30,45,120,false
25,UJ+RM+TA,mutated_cover_promote_6,5,0,false
25,UJ+RM+TA,composite_only,1,0,false
25,UJ+RM+TA,seeded_generic_dag_29031,0,0,false
25,UJ+RM+TA,seeded_random_inventory_29032,0,0,false
25,UJ+RM+TA,transported_free_commutative_clone_30,45,120,false
26,BI+RM+TA,integer_divisibility_active_30,45,120,false
26,BI+RM+TA,mutated_cover_promote_6,3,0,false
26,BI+RM+TA,composite_only,0,0,false
26,BI+RM+TA,seeded_generic_dag_29031,0,0,false
26,BI+RM+TA,seeded_random_inventory_29032,0,0,false
26,BI+RM+TA,transported_free_commutative_clone_30,45,120,false
27,UJ+BI+RM+TA,integer_divisibility_active_30,45,120,false
27,UJ+BI+RM+TA,mutated_cover_promote_6,3,0,false
27,UJ+BI+RM+TA,composite_only,0,0,false
27,UJ+BI+RM+TA,seeded_generic_dag_29031,0,0,false
27,UJ+BI+RM+TA,seeded_random_inventory_29032,0,0,false
27,UJ+BI+RM+TA,transported_free_commutative_clone_30,45,120,false
28,MU+RM+TA,integer_divisibility_active_30,45,120,false
28,MU+RM+TA,mutated_cover_promote_6,5,0,false
28,MU+RM+TA,composite_only,0,0,false
28,MU+RM+TA,seeded_generic_dag_29031,0,0,false
28,MU+RM+TA,seeded_random_inventory_29032,0,0,false
28,MU+RM+TA,transported_free_commutative_clone_30,45,120,false
29,UJ+MU+RM+TA,integer_divisibility_active_30,45,120,false
29,UJ+MU+RM+TA,mutated_cover_promote_6,5,0,false
29,UJ+MU+RM+TA,composite_only,0,0,false
29,UJ+MU+RM+TA,seeded_generic_dag_29031,0,0,false
29,UJ+MU+RM+TA,seeded_random_inventory_29032,0,0,false
29,UJ+MU+RM+TA,transported_free_commutative_clone_30,45,120,false
30,BI+MU+RM+TA,integer_divisibility_active_30,45,120,false
30,BI+MU+RM+TA,mutated_cover_promote_6,3,0,false
30,BI+MU+RM+TA,composite_only,0,0,false
30,BI+MU+RM+TA,seeded_generic_dag_29031,0,0,false
30,BI+MU+RM+TA,seeded_random_inventory_29032,0,0,false
30,BI+MU+RM+TA,transported_free_commutative_clone_30,45,120,false
31,UJ+BI+MU+RM+TA,integer_divisibility_active_30,45,120,true
31,UJ+BI+MU+RM+TA,mutated_cover_promote_6,3,0,true
31,UJ+BI+MU+RM+TA,composite_only,0,0,true
31,UJ+BI+MU+RM+TA,seeded_generic_dag_29031,0,0,true
31,UJ+BI+MU+RM+TA,seeded_random_inventory_29032,0,0,true
31,UJ+BI+MU+RM+TA,transported_free_commutative_clone_30,45,120,true
