inventory,N,s,z,degree,E,d0_residual,magnitude_min,magnitude_max,magnitude_range
primes,2,(1.25+0j),0.15,2,0.002832715277032613,0.0,0.8987837900645664,0.9038902523640641,0.005106462299497627
primes,2,(1.25+0j),0.35,2,0.01788496769138703,0.0,0.7633397939009762,0.7911416441982416,0.02780185029726545
primes,2,(1.25+0j),0.6,2,0.06442464059634638,0.0,0.5932488261523617,0.6749522229443253,0.08170339679196359
primes,2,(1.5+0j),0.15,2,0.0018234758893001532,0.0,0.9179534851628142,0.9213073329187202,0.003353847755906081
primes,2,(1.5+0j),0.35,2,0.0111717336209512,0.0,0.8081039322594573,0.826363770041613,0.018259837782155675
primes,2,(1.5+0j),0.6,2,0.03850058673548791,0.0,0.6700620271866932,0.7237235912811916,0.053661564094498404
primes,2,(2+0j),0.15,2,0.0007750018343238682,0.0,0.9457248263888889,0.9471918402777777,0.001467013888888813
primes,2,(2+0j),0.35,2,0.00455356278758765,0.0,0.8730203510802469,0.8810074266975308,0.007987075617283956
primes,2,(2+0j),0.6,2,0.014793417366946778,0.0,0.7815972222222223,0.8050694444444444,0.023472222222222117
primes,2,(1.5+0.75j),0.15,2,0.0017543610826772206,0.0,0.9341987049018472,0.9374823035813802,0.003283598679532984
primes,2,(1.5+0.75j),0.35,2,0.010455560892994775,0.0,0.8459844117896859,0.8638618110407614,0.017877399251075565
primes,2,(1.5+0.75j),0.6,2,0.034503557624203186,0.0,0.7350681641693297,0.7876058084405004,0.05253764427117069
composites,2,(1.25+0j),0.15,2,0.000471172345136239,0.0,0.9574821297735588,0.9583848333035209,0.0009027035299620234
composites,2,(1.25+0j),0.35,2,0.0027208387104860937,0.0,0.9007051835691826,0.9056199027878651,0.004914719218682473
composites,2,(1.25+0j),0.6,2,0.008629880771048124,0.0,0.829595059184768,0.844038315664161,0.01444325647939304
composites,2,(1.5+0j),0.15,2,0.00021582361673672888,0.0,0.9710255436398141,0.9714447746093025,0.00041923096948837113
composites,2,(1.5+0j),0.35,2,0.001222568282131505,0.0,0.932336160186178,0.9346186399089474,0.002282479722769404
composites,2,(1.5+0j),0.6,2,0.0037801034342159036,0.0,0.8838831853761865,0.8905908808879989,0.006707695511812384
composites,2,(2+0j),0.15,2,4.647167262823982e-05,0.0,0.9864515516493055,0.986543240017361,9.168836805550917e-05
composites,2,(2+0j),0.35,2,0.0002576833899172575,0.0,0.9683658552758488,0.968865047501929,0.0004991922260801918
composites,2,(2+0j),0.6,2,0.0007750018343238682,0.0,0.9457248263888889,0.9471918402777777,0.001467013888888813
composites,2,(1.5+0.75j),0.15,2,0.0002076317926359009,0.0,0.9882044369644315,0.9886148875029744,0.0004104505385429391
composites,2,(1.5+0.75j),0.35,2,0.0011476465162501572,0.0,0.972473019962186,0.9747076936891885,0.0022346737270024786
composites,2,(1.5+0.75j),0.6,2,0.003434379508645805,0.0,0.952814708549955,0.9593818397012888,0.006567131151333783
shuffled_primes,2,(1.25+0j),0.15,2,6.420853487897309e-07,0.0,0.9983983634504653,0.9983996455652114,1.2821147461483662e-06
shuffled_primes,2,(1.25+0j),0.35,2,3.5032847709086563e-06,0.0,0.9962618668729076,0.9962688472754141,6.980402506462369e-06
shuffled_primes,2,(1.25+0j),0.6,2,1.0322985840118532e-05,0.0,0.9935896692574601,0.9936101830933973,2.0513835937263636e-05
shuffled_primes,2,(1.5+0j),0.15,2,8.942232266560987e-08,0.0,0.9994020531975205,0.9994022319352422,1.7873772173437885e-07
shuffled_primes,2,(1.5+0j),0.35,2,4.872434498289034e-07,0.0,0.998604621858123,0.9986055949857191,9.731275960600527e-07
shuffled_primes,2,(1.5+0j),0.6,2,1.4333288759703581e-06,0.0,0.9976075611794437,0.9976104209829915,2.8598035477500616e-06
shuffled_primes,2,(2+0j),0.15,2,1.855046598600402e-09,0.0,0.9999138617578989,0.9999138654676725,3.709773599425148e-09
shuffled_primes,2,(2+0j),0.35,2,1.0100858303679584e-08,0.0,0.9997990062626089,0.9997990264602653,2.0197656436238276e-08
shuffled_primes,2,(2+0j),0.6,2,2.9688417852785272e-08,0.0,0.9996554296519967,0.9996554890083748,5.935637803489158e-08
shuffled_primes,2,(1.5+0.75j),0.15,2,8.060465749496254e-08,0.0,1.000554222284725,1.0005543835832111,1.6129848612322917e-07
shuffled_primes,2,(1.5+0.75j),0.35,2,4.3852360489325356e-07,0.0,1.0012930586741158,1.0012939368545293,8.781804134994076e-07
shuffled_primes,2,(1.5+0.75j),0.6,2,1.2875340378045602e-06,0.0,1.0022164004865357,1.0022189812606757,2.580774139948616e-06
random_increasing,2,(1.25+0j),0.15,2,1.142751852579425e-05,0.0,0.9932601230756635,0.9932828243319973,2.270125633385689e-05
random_increasing,2,(1.25+0j),0.35,2,6.278165229927406e-05,0.0,0.9842682125916699,0.9843918083205984,0.000123595728928505
random_increasing,2,(1.25+0j),0.6,2,0.00018661099328812453,0.0,0.9730196331895524,0.973382853290893,0.0003632201013406
random_increasing,2,(1.5+0j),0.15,2,2.588845862883104e-06,0.0,0.9967866484077793,0.9967918094751224,5.161067343051329e-06
random_increasing,2,(1.5+0j),0.35,2,1.4155532918940968e-05,0.0,0.9925004881717897,0.9925285873162127,2.809914442303274e-05
random_increasing,2,(1.5+0j),0.6,2,4.182467426959267e-05,0.0,0.9871400694808633,0.9872226465583517,8.257707748837717e-05
random_increasing,2,(2+0j),0.15,2,1.3775244452181147e-07,0.0,0.9992579288982757,0.9992582041987585,2.7530048285484554e-07
random_increasing,2,(2+0j),0.35,2,7.507285230668245e-07,0.0,0.9982683570517874,0.9982698559099712,1.4988581837904746e-06
random_increasing,2,(2+0j),0.6,2,2.2089570341619283e-06,0.0,0.997031161279801,0.9970355660875249,4.404807723901172e-06
random_increasing,2,(1.5+0.75j),0.15,2,2.4531757600338998e-06,0.0,1.0018754586871685,1.0018803742104723,4.915523303727909e-06
random_increasing,2,(1.5+0.75j),0.35,2,1.3322757267894872e-05,0.0,1.0043778763026174,1.0044046388160843,2.6762513466893623e-05
random_increasing,2,(1.5+0.75j),0.6,2,3.9029919812238896e-05,0.0,1.0075087848315225,1.0075874334290793,7.864859755679632e-05
primes,3,(1.25+0j),0.15,2,0.0037264876376221162,0.0,0.8799627734885783,0.8865456452728481,0.00658287178426975
primes,3,(1.25+0j),0.35,2,0.023165682818128086,0.0,0.723694214841259,0.7580191158883328,0.034324901047073864
primes,3,(1.25+0j),0.6,2,0.08170851739998475,0.0,0.5355610870996479,0.6308683032357187,0.09530721613607085
primes,3,(1.5+0j),0.15,2,0.0022900043572808824,0.0,0.9052145691309248,0.9093699756451166,0.004155406514191773
primes,3,(1.5+0j),0.35,2,0.013865387709977757,0.0,0.7806738454071863,0.8026269244426608,0.0219530790354745
primes,3,(1.5+0j),0.6,2,0.04704443151855912,0.0,0.6284681142849847,0.6905191188479615,0.06205100456297674
primes,3,(2+0j),0.15,2,0.0009064117628214071,0.0,0.9399268496527777,0.9416323170138889,0.0017054673611112126
primes,3,(2+0j),0.35,2,0.005291498251454946,0.0,0.860159947029321,0.8693114418595679,0.009151494830246909
primes,3,(2+0j),0.6,2,0.017049467327914774,0.0,0.7610920444444443,0.7874946222222222,0.02640257777777788
primes,3,(1.5+0.75j),0.15,2,0.002130799012227003,0.0,0.9294630145662784,0.9334324697724224,0.003969455206144001
primes,3,(1.5+0.75j),0.35,2,0.012596146906189088,0.0,0.8351184906976954,0.8564254227907032,0.021306932093007824
primes,3,(1.5+0.75j),0.6,2,0.04116425612767459,0.0,0.7169957229751552,0.7785590871615874,0.06156336418643216
composites,3,(1.25+0j),0.15,2,0.0006601708472214187,0.0,0.946628307489953,0.9478790059881589,0.0012506984982059155
composites,3,(1.25+0j),0.35,2,0.0037886466038974426,0.0,0.8763350077381644,0.8830005082659897,0.00666550052782533
composites,3,(1.25+0j),0.6,2,0.011919940398746675,0.0,0.7899686480288642,0.809028599922201,0.019059951893336757
composites,3,(1.5+0j),0.15,2,0.0002878890994640614,0.0,0.964518964349042,0.9650744732661288,0.0005555089170867777
composites,3,(1.5+0j),0.35,2,0.0016239659133161478,0.0,0.9175459211321308,0.9205308952279563,0.0029849740958254323
composites,3,(1.5+0j),0.6,2,0.004994266197900088,0.0,0.8593970078358469,0.8680242092297733,0.008627201393926365
composites,3,(2+0j),0.15,2,5.713738801548481e-05,0.0,0.9841290587849088,0.9842415263387891,0.00011246755388039098
composites,3,(2+0j),0.35,2,0.00031626154378265896,0.0,0.9630136750951226,0.9636229961830893,0.000609321087966741
composites,3,(2+0j),0.6,2,0.0009490492242256664,0.0,0.9366954718695746,0.938475101047092,0.0017796291775173945
composites,3,(1.5+0.75j),0.15,2,0.0002698873452393272,0.0,0.9880911509085537,0.9886246397502775,0.0005334888417237726
composites,3,(1.5+0.75j),0.35,2,0.0014894946844152047,0.0,0.9720878616001613,0.9749880066597324,0.0029001450595711464
composites,3,(1.5+0.75j),0.6,2,0.004449549606126986,0.0,0.9518956384210373,0.9604045126582164,0.008508874237179054
shuffled_primes,3,(1.25+0j),0.15,2,6.634246531199143e-07,0.0,0.9983453849051876,0.9983467095599478,1.324654760104238e-06
shuffled_primes,3,(1.25+0j),0.35,2,3.619510703237683e-06,0.0,0.9961384486228395,0.9961456597164935,7.211093653980427e-06
shuffled_primes,3,(1.25+0j),0.6,2,1.0664714205777466e-05,0.0,0.9933785210779426,0.9933997094999619,2.1188422019369213e-05
shuffled_primes,3,(1.5+0j),0.15,2,9.089481701445753e-08,0.0,0.9993912356985756,0.999391417377559,1.8167898341303612e-07
shuffled_primes,3,(1.5+0j),0.35,2,4.952611839527304e-07,0.0,0.9985793965917645,0.9985803857074828,9.891157182195798e-07
shuffled_primes,3,(1.5+0j),0.6,2,1.4568942111568642e-06,0.0,0.9975643512456331,0.9975672579413251,2.9066956919177045e-06
shuffled_primes,3,(2+0j),0.15,2,1.862506114413633e-09,0.0,0.9999134112427364,0.999913414967426,3.724689667805592e-09
shuffled_primes,3,(2+0j),0.35,2,1.014147151890298e-08,0.0,0.9997979551581068,0.999797975436952,2.0278845269672274e-08
shuffled_primes,3,(2+0j),0.6,2,2.9807772061687733e-08,0.0,0.999653627967612,0.9996536875625088,5.959489679518981e-08
shuffled_primes,3,(1.5+0.75j),0.15,2,7.991517308131587e-08,0.0,1.000553617033196,1.0005537769510502,1.5991785429214644e-07
shuffled_primes,3,(1.5+0.75j),0.35,2,4.347715070191142e-07,0.0,1.0012916477070386,1.001292518367634,8.706605953978652e-07
shuffled_primes,3,(1.5+0.75j),0.6,2,1.276513928353254e-06,0.0,1.0022139844469662,1.0022165431108483,2.558663882101797e-06
random_increasing,3,(1.25+0j),0.15,2,1.7210234999540802e-05,0.0,0.9909412270728921,0.9909753363226976,3.4109249805514e-05
random_increasing,3,(1.25+0j),0.35,2,9.449271413143163e-05,0.0,0.9788886438648056,0.9790736570367847,0.00018501317197916478
random_increasing,3,(1.25+0j),0.6,2,0.00028064905863663385,0.0,0.9638648546861975,0.964406022092562,0.0005411674063644512
random_increasing,3,(1.5+0j),0.15,2,3.7120625933315204e-06,0.0,0.9957763783052216,0.9957837711011546,7.392795932981144e-06
random_increasing,3,(1.5+0j),0.35,2,2.02914778999918e-05,0.0,0.9901498505186676,0.9901900345416798,4.018402301220192e-05
random_increasing,3,(1.5+0j),0.6,2,5.9933198933696376e-05,0.0,0.9831247239453477,0.9832425746278298,0.0001178506824821568
random_increasing,3,(2+0j),0.15,2,1.813369086295869e-07,0.0,0.9990667008017583,0.999067063137158,3.623353996839995e-07
random_increasing,3,(2+0j),0.35,2,9.882088834558173e-07,0.0,0.9978224645717737,0.9978244366877698,1.97211599606284e-06
random_increasing,3,(2+0j),0.6,2,2.9075471661848737e-06,0.0,0.996267431243181,0.9962732246491186,5.793405937648544e-06
random_increasing,3,(1.5+0.75j),0.15,2,3.4485944925929127e-06,0.0,1.0026867333787999,1.002693649052893,6.915674093166402e-06
random_increasing,3,(1.5+0.75j),0.35,2,1.8733907565265404e-05,0.0,1.0062730417186523,1.0063107448675133,3.770314886097914e-05
random_increasing,3,(1.5+0.75j),0.6,2,5.490131349796287e-05,0.0,1.0107623168045725,1.0108733072226634,0.00011099041809092824
primes,4,(1.25+0j),0.15,4,0.004012065708669629,0.0,0.868121906019595,0.8751158847820986,0.006993978762503517
primes,4,(1.25+0j),0.35,4,0.024793114378561742,0.0,0.7003005651251284,0.7359075769385246,0.035607011813396205
primes,4,(1.25+0j),0.6,4,0.08678048882622422,0.0,0.5047177679830109,0.6006063244835339,0.09588855650052297
primes,4,(1.5+0j),0.15,4,0.0024082667701520273,0.0,0.8977767847979843,0.9021113947386208,0.004334609940636502
primes,4,(1.5+0j),0.35,4,0.014528370839938845,0.0,0.7654113185115891,0.787979384619461,0.022568066107871987
primes,4,(1.5+0j),0.6,4,0.049066706555152044,0.0,0.6068669125524413,0.6694885154673123,0.06262160291487096
primes,4,(2+0j),0.15,4,0.0009271255218364148,0.0,0.9370301101911819,0.938769211588068,0.0017391013968861557
primes,4,(2+0j),0.35,4,0.005405655574197876,0.0,0.8539183829292643,0.863200531492583,0.00928214856331877
primes,4,(2+0j),0.6,4,0.017390138671352726,0.0,0.751515855395437,0.7781162343782683,0.026600378982831296
primes,4,(1.5+0.75j),0.15,4,0.002174928851525071,0.0,0.9286155771632858,0.9326637259134157,0.004048148750129932
primes,4,(1.5+0.75j),0.35,4,0.012856290500142312,0.0,0.8332957937836911,0.855000804351994,0.021705010568302874
primes,4,(1.5+0.75j),0.6,4,0.042017115362323484,0.0,0.7141796693702978,0.7768245907745611,0.06264492140426337
composites,4,(1.25+0j),0.15,4,0.0007703086878502192,0.0,0.93741609646832,0.9388614092535128,0.001445312785192776
composites,4,(1.25+0j),0.35,4,0.004405428227392312,0.0,0.8561301491497645,0.8637067539245912,0.00757660477482669
composites,4,(1.25+0j),0.6,4,0.013798604990249362,0.0,0.7581310327899867,0.7793457084358822,0.02121467564589552
composites,4,(1.5+0j),0.15,4,0.000325462148041527,0.0,0.9591244844754009,0.9597490051578986,0.0006245206824977423
composites,4,(1.5+0j),0.35,4,0.0018319157986986614,0.0,0.9054634014478719,0.9087869544606934,0.0033235530128215007
composites,4,(1.5+0j),0.6,4,0.005618173333132394,0.0,0.8397743884976174,0.8492636738823904,0.009489285384773005
composites,4,(2+0j),0.15,4,6.155667914574053e-05,0.0,0.9823022564197995,0.9824231983942054,0.00012094197440593035
composites,4,(2+0j),0.35,4,0.0003404575858158968,0.0,0.9588293030991684,0.9594824068686048,0.0006531037694363917
composites,4,(2+0j),0.6,4,0.001020658325564792,0.0,0.9296903962329509,0.9315901275875619,0.0018997313546109673
composites,4,(1.5+0.75j),0.15,4,0.0002979391408194184,0.0,0.9885015053039768,0.9890907063376289,0.0005892010336520093
composites,4,(1.5+0.75j),0.35,4,0.0016439027390378802,0.0,0.9729895692704049,0.9761937789316619,0.003204209661257007
composites,4,(1.5+0.75j),0.6,4,0.004909594420011679,0.0,0.9533197190070847,0.9627265550320696,0.009406836024984933
shuffled_primes,4,(1.25+0j),0.15,4,6.657519152139793e-07,0.0,0.9983020178927025,0.9983033471365481,1.329243845660244e-06
shuffled_primes,4,(1.25+0j),0.35,4,3.632182982584981e-06,0.0,0.996037475403379,0.9960447110103963,7.235607017319623e-06
shuffled_primes,4,(1.25+0j),0.6,4,1.0701961179660391e-05,0.0,0.99320588830123,0.9932271470304601,2.12587292300892e-05
shuffled_primes,4,(1.5+0j),0.15,4,9.098830801039029e-08,0.0,0.9993827253262527,0.9993829071905557,1.8186430295052958e-07
shuffled_primes,4,(1.5+0j),0.35,4,4.95770203610724e-07,0.0,0.9985595548968356,0.9985605450094741,9.901126385436498e-07
shuffled_primes,4,(1.5+0j),0.6,4,1.4583901538768464e-06,0.0,0.9975303708648927,0.9975332804460783,2.9095811855395226e-06
shuffled_primes,4,(2+0j),0.15,4,1.8626573664272675e-09,0.0,0.9999130839951019,0.9999130877200929,3.724990982334475e-09
shuffled_primes,4,(2+0j),0.35,4,1.0142295002942358e-08,0.0,0.9997971916679901,0.9997972119484665,2.0280476409340054e-08
shuffled_primes,4,(2+0j),0.6,4,2.981019209955296e-08,0.0,0.9996523193153435,0.9996523789150007,5.95996572094748e-08
shuffled_primes,4,(1.5+0.75j),0.15,4,7.984066659702579e-08,0.0,1.0005521264581418,1.000552286227018,1.5976887612900725e-07
shuffled_primes,4,(1.5+0.75j),0.35,4,4.3436579792228086e-07,0.0,1.0012881674741618,1.0012890373213097,8.698471478663095e-07
shuffled_primes,4,(1.5+0.75j),0.6,4,1.2753214105684322e-06,0.0,1.002208013569291,1.0022105698340258,2.5562647347765477e-06
random_increasing,4,(1.25+0j),0.15,4,4.8073398652948176e-05,0.0,0.9848356783211452,0.9849303716697155,9.469334857037381e-05
random_increasing,4,(1.25+0j),0.35,4,0.0002662250020611802,0.0,0.9646242027513133,0.9651379536847667,0.0005137509334534052
random_increasing,4,(1.25+0j),0.6,4,0.0007994646467586851,0.0,0.9393734584213355,0.9408766518954829,0.0015031934741474018
random_increasing,4,(1.5+0j),0.15,4,1.4855489795068455e-05,0.0,0.9917719897639962,0.9918014567190881,2.9466955091983493e-05
random_increasing,4,(1.5+0j),0.35,4,8.168065189801927e-05,0.0,0.9807907210701233,0.9809509574092691,0.0001602363391457473
random_increasing,4,(1.5+0j),0.6,4,0.0002430434679933086,0.0,0.9670472866055687,0.9675174699328485,0.00047018332727977175
random_increasing,4,(2+0j),0.15,4,1.5932271121517796e-06,0.0,0.9973987139936588,0.9974018921640678,3.178170409068315e-06
random_increasing,4,(2+0j),0.35,4,8.70319537351427e-06,0.0,0.9939273133031287,0.9939446141408906,1.730083776196878e-05
random_increasing,4,(2+0j),0.6,4,2.5683875083733914e-05,0.0,0.9895832126040411,0.9896340465728894,5.0833968848307265e-05
random_increasing,4,(1.5+0.75j),0.15,4,1.2570914283665627e-05,0.0,1.0013725633648243,1.001397739883779,2.5176518954728166e-05
random_increasing,4,(1.5+0.75j),0.35,4,6.8392651878427e-05,0.0,1.0032341234986728,1.0033713582175277,0.0001372347188548506
random_increasing,4,(1.5+0.75j),0.6,4,0.00020078885828141166,0.0,1.0056120639655166,1.0060159691549238,0.0004039051894071388
primes,8,(1.25+0j),0.15,8,0.004211748087699825,0.0,0.8492706702053597,0.8564547442267233,0.007184074021363562
primes,8,(1.25+0j),0.35,8,0.025904995838612572,0.0,0.6647671916191883,0.7001226252462464,0.035355433627058064
primes,8,(1.25+0j),0.6,8,0.09014397027123831,0.0,0.4607394611587163,0.5519721302300302,0.09123266907131394
primes,8,(1.5+0j),0.15,8,0.0024705516543093824,0.0,0.8876510695831142,0.892047906206025,0.004396836622910794
primes,8,(1.5+0j),0.35,8,0.014872007387234142,0.0,0.7452305444660505,0.7677310382570592,0.022500493791008713
primes,8,(1.5+0j),0.6,8,0.05009372616227836,0.0,0.5793731144890049,0.6404717730166938,0.06109865852768892
primes,8,(2+0j),0.15,8,0.0009336174810623967,0.0,0.9341581534655711,0.9359040762150789,0.0017459227495078
primes,8,(2+0j),0.35,8,0.005441170863111165,0.0,0.8478030761078333,0.8570796275540059,0.009276551446172565
primes,8,(2+0j),0.6,8,0.01749514169821396,0.0,0.7422736186210417,0.7687082784035333,0.0264346597824916
primes,8,(1.5+0.75j),0.15,8,0.0021536241997801666,0.0,0.9325913872438786,0.9366169591948256,0.004025571950946993
primes,8,(1.5+0.75j),0.35,8,0.012752755762611999,0.0,0.8417236748741191,0.8634692871030911,0.021745612228971978
primes,8,(1.5+0.75j),0.6,8,0.041767994568923716,0.0,0.7267234919213394,0.7900749206728253,0.0633514287514858
composites,8,(1.25+0j),0.15,8,0.000978100279302183,0.0,0.913297021038477,0.9150853619620407,0.0017883409235637249
composites,8,(1.25+0j),0.35,8,0.005560163211121785,0.0,0.8048516534699868,0.813851845556318,0.009000192086331182
composites,8,(1.25+0j),0.6,8,0.017281412672712857,0.0,0.6805303815607269,0.7044634267659624,0.023933045205235537
composites,8,(1.5+0j),0.15,8,0.0003878330770876731,0.0,0.9458990806208069,0.9466330671655819,0.0007339865447750782
composites,8,(1.5+0j),0.35,8,0.0021754025516502852,0.0,0.8763551851941355,0.8801763448726619,0.0038211596785264756
composites,8,(1.5+0j),0.6,8,0.006642271949894687,0.0,0.7935462403717992,0.8041585409619982,0.01061230059019902
composites,8,(2+0j),0.15,8,6.73251113045788e-05,0.0,0.9783989052840635,0.978530655784502,0.0001317505004385655
composites,8,(2+0j),0.35,8,0.00037197850937036806,0.0,0.9499390379523321,0.9506460147348935,0.0007069767825613749
composites,8,(2+0j),0.6,8,0.001113716553775561,0.0,0.9149129891319123,0.9169531684819869,0.0020401793500746113
composites,8,(1.5+0.75j),0.15,8,0.0003321339111965581,0.0,0.9925135240939764,0.9931730377957722,0.0006595137017957331
composites,8,(1.5+0.75j),0.35,8,0.001833912961213754,0.0,0.9821843801803095,0.9857934770604222,0.0036090968801126833
composites,8,(1.5+0.75j),0.6,8,0.005482454426446059,0.0,0.9687104129543187,0.9793906001109393,0.010680187156620558
shuffled_primes,8,(1.25+0j),0.15,8,7.916261460189606e-07,0.0,0.9975425847165392,0.9975441640793731,1.5793628338478527e-06
shuffled_primes,8,(1.25+0j),0.35,8,4.3178606964008324e-06,0.0,0.9942697178877488,0.994278304161096,8.586273347210849e-06
shuffled_primes,8,(1.25+0j),0.6,8,1.2718346876864844e-05,0.0,0.9901845615931978,0.9902097489349914,2.5187341793575513e-05
shuffled_primes,8,(1.5+0j),0.15,8,1.0035354018158827e-07,0.0,0.999176966581408,0.9991771671233197,2.0054191174345704e-07
shuffled_primes,8,(1.5+0j),0.35,8,5.467662833448751e-07,0.0,0.9980798620039746,0.9980809534374047,1.0914334300782258e-06
shuffled_primes,8,(1.5+0j),0.6,8,1.6082840866395103e-06,0.0,0.9967089207043885,0.996712126691737,3.2059873484868717e-06
shuffled_primes,8,(2+0j),0.15,8,1.9179720111936127e-09,0.0,0.9998976949574183,0.99989769879297,3.835551654063352e-09
shuffled_primes,8,(2+0j),0.35,8,1.0443456159869031e-08,0.0,0.9997612881359319,0.9997613090178585,2.088192663229904e-08
shuffled_primes,8,(2+0j),0.6,8,3.069525052790735e-08,0.0,0.999590779451935,0.9995908408173158,6.13653807768344e-08
shuffled_primes,8,(1.5+0.75j),0.15,8,7.765620505057685e-08,0.0,1.0006961278471547,1.0006962832666466,1.554194919428653e-07
shuffled_primes,8,(1.5+0.75j),0.35,8,4.224872374440232e-07,0.0,1.0016244522874003,1.001625298629895,8.463424947535714e-07
shuffled_primes,8,(1.5+0.75j),0.6,8,1.2404666239270688e-06,0.0,1.0027851051616299,1.0027875929955756,2.487833945741258e-06
random_increasing,8,(1.25+0j),0.15,8,1.9357948462921488e-05,0.0,0.9885368427313674,0.98857511556276,3.827283139257176e-05
random_increasing,8,(1.25+0j),0.35,8,0.00010629038649389785,0.0,0.9733392135892449,0.9735461487866359,0.00020693519739101163
random_increasing,8,(1.25+0j),0.6,8,0.0003157167346528095,0.0,0.9544814050172414,0.9550842868560807,0.0006028818388392754
random_increasing,8,(1.5+0j),0.15,8,4.202561155128153e-06,0.0,0.994926907817174,0.994935270334668,8.362517494031607e-06
random_increasing,8,(1.5+0j),0.35,8,2.2981258552173536e-05,0.0,0.9881753280255653,0.9882207480947908,4.542006922547692e-05
random_increasing,8,(1.5+0j),0.6,8,6.790979708347483e-05,0.0,0.9797560387947345,0.9798891178996446,0.00013307910491011654
random_increasing,8,(2+0j),0.15,8,2.2886991046501847e-07,0.0,0.9989154107188402,0.9989158679623061,4.5724346597886267e-07
random_increasing,8,(2+0j),0.35,8,1.2475146727558956e-06,0.0,0.9974694510386389,0.9974719397572952,2.4887186562683183e-06
random_increasing,8,(2+0j),0.6,8,3.6714868162989738e-06,0.0,0.9956622579646394,0.9956695691131893,7.311148549904445e-06
random_increasing,8,(1.5+0.75j),0.15,8,3.3808331513492194e-06,0.0,1.0031739126945207,1.003180695793699,6.783099178342411e-06
random_increasing,8,(1.5+0.75j),0.35,8,1.8372845255561805e-05,0.0,1.0074185727809517,1.0074555917505739,3.7018969622160114e-05
random_increasing,8,(1.5+0.75j),0.6,8,5.3868599014854076e-05,0.0,1.0127449254827976,1.012854040014275,0.00010911453147732786
primes,16,(1.25+0j),0.15,16,0.004245413995069073,0.0,0.837443139853389,0.8445840288659063,0.007140889012517304
primes,16,(1.25+0j),0.35,16,0.026089510912575876,0.0,0.6432698306590163,0.6777319774187915,0.034462146759775214
primes,16,(1.25+0j),0.6,16,0.09069103255544786,0.0,0.4353530817676173,0.5221295181026645,0.08677643633504722
primes,16,(1.5+0j),0.15,16,0.002476971247592009,0.0,0.8824978023070702,0.8868804997974522,0.004382697490382004
primes,16,(1.5+0j),0.35,16,0.014907066657411004,0.0,0.7351541218364152,0.7574034871258722,0.02224936528945709
primes,16,(1.5+0j),0.6,16,0.05019716738737497,0.0,0.5659747283927419,0.625789875288117,0.05981514689537515
primes,16,(2+0j),0.15,16,0.0009338650979783976,0.0,0.9332062051094294,0.9349508117058061,0.0017446065963766522
primes,16,(2+0j),0.35,16,0.005442519935223395,0.0,0.8457876882118736,0.8550444945733622,0.009256806361488623
primes,16,(2+0j),0.6,16,0.017499109780530035,0.0,0.7392496437898294,0.7655826861987453,0.026333042408915874
primes,16,(1.5+0.75j),0.15,16,0.002148005449267069,0.0,0.9372272319686138,0.9412622362003328,0.004035004231718986
primes,16,(1.5+0.75j),0.35,16,0.012721776131986155,0.0,0.8515319700606097,0.8734768580619146,0.021944888001304896
primes,16,(1.5+0.75j),0.6,16,0.04167574225226169,0.0,0.7413256694953647,0.8058013468754607,0.06447567738009596
composites,16,(1.25+0j),0.15,16,0.0010819462102449003,0.0,0.8889879806753558,0.8909137379719279,0.0019257572965720726
composites,16,(1.25+0j),0.35,16,0.0061313988293580975,0.0,0.7553904278617807,0.7647106785062714,0.009320250644490713
composites,16,(1.25+0j),0.6,16,0.018982125994664055,0.0,0.6097858874370108,0.6333815720307465,0.023595684593735733
composites,16,(1.5+0j),0.15,16,0.00041158234971671193,0.0,0.9340192536949952,0.9347884219196108,0.0007691682246155906
composites,16,(1.5+0j),0.35,16,0.0023053589044249893,0.0,0.850796900155438,0.8547287441833814,0.003931844027943443
composites,16,(1.5+0j),0.6,16,0.0070266139528049,0.0,0.7541113461758273,0.7647839201237214,0.010672573947894115
composites,16,(2+0j),0.15,16,6.859990751338704e-05,0.0,0.9756650920822517,0.9757989623358122,0.00013387025356048632
composites,16,(2+0j),0.35,16,0.000378927722658322,0.0,0.9437518793787649,0.9444673779875801,0.000715498608815146
composites,16,(2+0j),0.6,16,0.0011341706048398287,0.0,0.9047102885031783,0.9067648099484634,0.0020545214452851734
composites,16,(1.5+0.75j),0.15,16,0.0003298100026154665,0.0,1.000481896859368,1.0011420424840884,0.0006601456247203874
composites,16,(1.5+0.75j),0.35,16,0.0018237460995659753,0.0,1.000694732759312,1.0043513684367371,0.003656635677425024
composites,16,(1.5+0.75j),0.6,16,0.005461994709816172,0.0,1.000236833816453,1.0112233386805451,0.01098650486409225
shuffled_primes,16,(1.25+0j),0.15,16,1.028431103217044e-06,0.0,0.9963073019574211,0.9963093512263641,2.0492689429829625e-06
shuffled_primes,16,(1.25+0j),0.35,16,5.607878225074865e-06,0.0,0.9913980321126993,0.9914091514539284,1.1119341229104407e-05
shuffled_primes,16,(1.25+0j),0.6,16,1.651216273033646e-05,0.0,0.985284425517432,0.9853169644082567,3.253889082466266e-05
shuffled_primes,16,(1.5+0j),0.15,16,1.186157355344971e-07,0.0,0.9988452183161565,0.9988454552737052,2.369575486937947e-07
shuffled_primes,16,(1.5+0j),0.35,16,6.462108094035442e-07,0.0,0.9973067094616915,0.9973079984032763,1.2889415847983088e-06
shuffled_primes,16,(1.5+0j),0.6,16,1.9005917618175864e-06,0.0,0.9953855012513696,0.9953892849015279,3.783650158295515e-06
shuffled_primes,16,(2+0j),0.15,16,2.038004560464448e-09,0.0,0.9998727386243903,0.9998727426998807,4.075490389610081e-09
shuffled_primes,16,(2+0j),0.35,16,1.1096976905329115e-08,0.0,0.9997030649544983,0.9997030871418623,2.2187363946102323e-08
shuffled_primes,16,(2+0j),0.6,16,3.2615838758640844e-08,0.0,0.999490985988507,0.9994910511869828,6.519847572938886e-08
shuffled_primes,16,(1.5+0.75j),0.15,16,7.803677618211603e-08,0.0,1.000917394795035,1.0009175510116837,1.5621664872789154e-07
shuffled_primes,16,(1.5+0.75j),0.35,16,4.245910291893881e-07,0.0,1.0021412817437947,1.00214213274363,8.509998352668191e-07
shuffled_primes,16,(1.5+0.75j),0.6,16,1.2467658293051566e-06,0.0,1.0036722558903446,1.0036747585774024,2.5026870578148674e-06
random_increasing,16,(1.25+0j),0.15,16,5.452054849369807e-06,0.0,0.9915320381900261,0.991542850023087,1.0811833060841991e-05
random_increasing,16,(1.25+0j),0.35,16,2.977282118804109e-05,0.0,0.9803223077603057,0.9803806834198504,5.8375659544696035e-05
random_increasing,16,(1.25+0j),0.6,16,8.782633130515671e-05,0.0,0.9664394364263932,0.9666092089967891,0.00016977257039596516
random_increasing,16,(1.5+0j),0.15,16,7.647645903334005e-07,0.0,0.9970222558445844,0.9970237808203847,1.5249758003044178e-06
random_increasing,16,(1.5+0j),0.35,16,4.169414464156786e-06,0.0,0.9930610607779341,0.9930693417787623,8.281000828169738e-06
random_increasing,16,(1.5+0j),0.6,16,1.2273962710971234e-05,0.0,0.9881242180160316,0.9881484747133681,2.4256697336522137e-05
random_increasing,16,(2+0j),0.15,16,1.858745272734657e-08,0.0,0.999598753605139,0.9995987907651287,3.715998975195589e-08
random_increasing,16,(2+0j),0.35,16,1.012269979213548e-07,0.0,0.9990638786316917,0.9990640808961864,2.0226449470861496e-07
random_increasing,16,(2+0j),0.6,16,2.97588711067837e-07,0.0,0.9983954781079974,0.9983960723306212,5.942226237731774e-07
random_increasing,16,(1.5+0.75j),0.15,16,5.373635277802272e-07,0.0,1.0025926636288682,1.0025937411382,1.0775093317594298e-06
random_increasing,16,(1.5+0.75j),0.35,16,2.9229826898551975e-06,0.0,1.0060574672425433,1.0060633485885184,5.881345975122798e-06
random_increasing,16,(1.5+0.75j),0.6,16,8.580219288879931e-06,0.0,1.0104012185596645,1.0104185573814435,1.7338821779011582e-05
primes,32,(1.25+0j),0.15,32,0.004251667620611782,0.0,0.8297892768434824,0.8368753681898707,0.007086091346388379
primes,32,(1.25+0j),0.35,32,0.026123625374237312,0.0,0.6296172432435264,0.6633932330088296,0.03377598976530316
primes,32,(1.25+0j),0.6,32,0.09079158516385807,0.0,0.4196079876639715,0.5033471956568644,0.08373920799289286
primes,32,(1.5+0j),0.15,32,0.002477700588619086,0.0,0.8798123803947875,0.8841830311710754,0.004370650776287954
primes,32,(1.5+0j),0.35,32,0.01491104027906271,0.0,0.7299424961838882,0.752040108696573,0.022097612512684828
primes,32,(1.5+0j),0.6,32,0.0502088563256891,0.0,0.5591099922963784,0.618214088749245,0.05910409645286663
primes,32,(2+0j),0.15,32,0.0009338754182963819,0.0,0.9328891720445974,0.9346332052466938,0.0017440332020963734
primes,32,(2+0j),0.35,32,0.00544257612873019,0.0,0.845117353116139,0.8543669189490569,0.009249565832917916
primes,32,(2+0j),0.6,32,0.017499274940272324,0.0,0.7382454592838782,0.7645429838646051,0.026297524580726872
primes,32,(1.5+0.75j),0.15,32,0.002148148709929787,0.0,0.9400040601507519,0.9440512887158063,0.0040472285650544615
primes,32,(1.5+0.75j),0.35,32,0.012722350532671234,0.0,0.8574293930084345,0.879527272760004,0.022097879751569516
primes,32,(1.5+0.75j),0.6,32,0.04167656066922534,0.0,0.7501474841902804,0.815391755687405,0.06524427149712453
composites,32,(1.25+0j),0.15,32,0.0011328817311120364,0.0,0.8651265416508946,0.8670889361802123,0.001962394529317679
composites,32,(1.25+0j),0.35,32,0.006410138467612494,0.0,0.7087581532168267,0.7179031407020328,0.00914498748520609
composites,32,(1.25+0j),0.6,32,0.019806612897640845,0.0,0.5464071033703953,0.5684869096807698,0.022079806310374428
composites,32,(1.5+0j),0.15,32,0.00042040976383885854,0.0,0.9236667420216467,0.9244437056657651,0.0007769636441183891
composites,32,(1.5+0j),0.35,32,0.002353524613482555,0.0,0.8289221938502846,0.8328331709002252,0.003910977049940589
composites,32,(1.5+0j),0.6,32,0.007168551710994701,0.0,0.7211165024020351,0.7315297481197617,0.010413245717726616
composites,32,(2+0j),0.15,32,6.887163279637666e-05,0.0,0.9738275481182851,0.9739616955437486,0.00013414742546347114
composites,32,(2+0j),0.35,32,0.00038040772279445626,0.0,0.9396085671367419,0.9403237078778405,0.0007151407410985744
composites,32,(2+0j),0.6,32,0.0011385222247375483,0.0,0.8979096041435977,0.8999565143051322,0.0020469101615345764
composites,32,(1.5+0.75j),0.15,32,0.000323173382755173,0.0,1.0103723278244654,1.0110255891583222,0.0006532613338567916
composites,32,(1.5+0.75j),0.35,32,0.0017883322051183807,0.0,1.0239432311818752,1.027612080841416,0.0036688496595407294
composites,32,(1.5+0.75j),0.6,32,0.005360704288343306,0.0,1.040430554225283,1.051645411366882,0.011214857141599088
shuffled_primes,32,(1.25+0j),0.15,32,3.320666861638715e-05,0.0,0.9836016350972058,0.983666961533565,6.532643635925872e-05
shuffled_primes,32,(1.25+0j),0.35,32,0.0001824615109259062,0.0,0.9619562163718323,0.9623073204027943,0.0003511040309620572
shuffled_primes,32,(1.25+0j),0.6,32,0.000542485674888698,0.0,0.9352506247865048,0.9362658956542443,0.0010152708677395594
shuffled_primes,32,(1.5+0j),0.15,32,9.186361894212407e-06,0.0,0.992897726441576,0.9929159688448354,1.8242403259316475e-05
shuffled_primes,32,(1.5+0j),0.35,32,5.027756158583232e-05,0.0,0.9834500579532749,0.983548953867215,9.889591394007802e-05
shuffled_primes,32,(1.5+0j),0.6,32,0.00014873230848225775,0.0,0.9716760839964956,0.9719651662461012,0.0002890822496055545
shuffled_primes,32,(2+0j),0.15,32,7.863866873682838e-07,0.0,0.9983819289819906,0.9983834992117411,1.570229750447183e-06
shuffled_primes,32,(2+0j),0.35,32,4.288417961577e-06,0.0,0.9962236887160424,0.9962322331998056,8.544483763195387e-06
shuffled_primes,32,(2+0j),0.6,32,1.2628431676961675e-05,0.0,0.9935245878130202,0.9935496814446666,2.50936316463779e-05
shuffled_primes,32,(1.5+0.75j),0.15,32,8.238774531333951e-06,0.0,1.0033841316954226,1.0034006651423546,1.653344693197667e-05
shuffled_primes,32,(1.5+0.75j),0.35,32,4.480845114007028e-05,0.0,1.0079108981085456,1.008001226566335,9.032845778933485e-05
shuffled_primes,32,(1.5+0.75j),0.6,32,0.00013150414951275453,0.0,1.0135926907141612,1.0138593090636994,0.0002666183495381169
random_increasing,32,(1.25+0j),0.15,32,2.4407929964219698e-05,0.0,0.9850358134702601,0.9850839000142464,4.8086543986247676e-05
random_increasing,32,(1.25+0j),0.35,32,0.00013429199629188596,0.0,0.9652770919959903,0.9655363847919853,0.0002592927959950142
random_increasing,32,(1.25+0j),0.6,32,0.00039992442302802164,0.0,0.9408876603409213,0.9416405293341357,0.0007528689932143617
random_increasing,32,(1.5+0j),0.15,32,5.839123579986188e-06,0.0,0.993709409181342,0.9937210140331897,1.160485184770188e-05
random_increasing,32,(1.5+0j),0.35,32,3.197088387131679e-05,0.0,0.9853434920076853,0.9854064986267739,6.300661908853478e-05
random_increasing,32,(1.5+0j),0.6,32,9.462436361491577e-05,0.0,0.9749206917558133,0.9751052117159245,0.00018451996011115135
random_increasing,32,(2+0j),0.15,32,3.874946014765784e-07,0.0,0.9986291832251383,0.9986299571522729,7.739271346007826e-07
random_increasing,32,(2+0j),0.35,32,2.113023354972435e-06,0.0,0.9968014041971526,0.9968056167353484,4.212538195824678e-06
random_increasing,32,(2+0j),0.6,32,6.221974995152903e-06,0.0,0.9945166435838713,0.9945290193762504,1.237579237911568e-05
random_increasing,32,(1.5+0.75j),0.15,32,4.879670410009794e-06,0.0,1.0031001792833816,1.0031099689057028,9.789622321232372e-06
random_increasing,32,(1.5+0.75j),0.35,32,2.651207377845446e-05,0.0,1.0072496158863395,1.0073030252446167,5.3409358277134444e-05
random_increasing,32,(1.5+0.75j),0.6,32,7.770932397712734e-05,0.0,1.012461929780831,1.0126192971846186,0.0001573674037875783
primes,64,(1.25+0j),0.15,64,0.004253009674138016,0.0,0.8247068077710358,0.8317517292286074,0.007044921457571629
primes,64,(1.25+0j),0.35,64,0.026130937082670114,0.0,0.6206518226475458,0.6539564224099125,0.03330459976236666
primes,64,(1.25+0j),0.6,64,0.09081310194096721,0.0,0.4094118580800117,0.4911373934290916,0.08172553534907989
primes,64,(1.5+0j),0.15,64,0.002477800698536734,0.0,0.8783716207185555,0.882735290962873,0.004363670244317497
primes,64,(1.5+0j),0.35,64,0.014911585426004044,0.0,0.7271560877937692,0.7491701639285283,0.022014076134759142
primes,64,(1.5+0j),0.6,64,0.050210458935621205,0.0,0.5554556518953829,0.6141754125483906,0.05871976065300766
primes,64,(2+0j),0.15,64,0.0009338759970599143,0.0,0.9327791478622646,0.9345229764562538,0.0017438285939892495
primes,64,(2+0j),0.35,64,0.00544257927982585,0.0,0.844884800126519,0.8541318261168951,0.009247025990376079
primes,64,(2+0j),0.6,64,0.01749928420086667,0.0,0.7378972411130895,0.7641823757399651,0.02628513462687554
primes,64,(1.5+0.75j),0.15,64,0.002148243104422167,0.0,0.9410424466400247,0.9450943244435479,0.0040518778035232295
primes,64,(1.5+0.75j),0.35,64,0.012722863080617866,0.0,0.8596408233909726,0.8817966005477966,0.02215577715682404
primes,64,(1.5+0.75j),0.6,64,0.04167805306226819,0.0,0.7534667506887748,0.8190021605828958,0.06553540989412099
composites,64,(1.25+0j),0.15,64,0.0011547407637931858,0.0,0.8433645986311107,0.8453145845392747,0.0019499859081639759
composites,64,(1.25+0j),0.35,64,0.006529432936484366,0.0,0.6677861103598385,0.6765638421806265,0.008777731820788004
composites,64,(1.25+0j),0.6,64,0.020158266956211056,0.0,0.4932747953429891,0.5135686091464383,0.02029381380344919
composites,64,(1.5+0j),0.15,64,0.0004232015935741356,0.0,0.9154091369838759,0.9161842701990286,0.0007751332151526569
composites,64,(1.5+0j),0.35,64,0.0023687378810211012,0.0,0.8117233003116052,0.8155779452528179,0.0038546449412126815
composites,64,(1.5+0j),0.6,64,0.00721330939680707,0.0,0.6956383793128635,0.7057468812153467,0.010108501902483136
composites,64,(2+0j),0.15,64,6.891827457395037e-05,0.0,0.9727336627790578,0.9728677502713626,0.00013408749230481298
composites,64,(2+0j),0.35,64,0.00038066169205008257,0.0,0.9371474986199608,0.9378612426053172,0.0007137439853563965
composites,64,(2+0j),0.6,64,0.001139268696218048,0.0,0.8938812247885248,0.8959202892542086,0.002039064465683804
composites,64,(1.5+0.75j),0.15,64,0.0003205509613885058,0.0,1.0193994375961808,1.0200531824224368,0.0006537448262560197
composites,64,(1.5+0.75j),0.35,64,0.0017739906985850087,0.0,1.0454210467206642,1.0491367396457312,0.0037156929250670157
composites,64,(1.5+0.75j),0.6,64,0.00531834969180146,0.0,1.0781320102742122,1.0896609929381205,0.011528982663908227
shuffled_primes,64,(1.25+0j),0.15,64,0.0010036882463017641,0.0,0.9191323633709679,0.920979261397357,0.0018468980263890433
shuffled_primes,64,(1.25+0j),0.35,64,0.005728736304379057,0.0,0.8159764351673015,0.8253792666811611,0.009402831513859677
shuffled_primes,64,(1.25+0j),0.6,64,0.01792763228749546,0.0,0.6947288637931519,0.7200916338836121,0.025362770090460174
shuffled_primes,64,(1.5+0j),0.15,64,0.0005322082123568059,0.0,0.9484198623612495,0.9494299135498231,0.0010100511885735575
shuffled_primes,64,(1.5+0j),0.35,64,0.0030040201527086765,0.0,0.8807016780010841,0.8860089042876449,0.005307226286560773
shuffled_primes,64,(1.5+0j),0.6,64,0.00925546442174649,0.0,0.7979076379867286,0.8128154215899525,0.014907783603223868
shuffled_primes,64,(2+0j),0.15,62,0.0001602449397408956,0.0,0.9754192884058144,0.9757319505176396,0.00031266211182523485
shuffled_primes,64,(2+0j),0.35,64,0.0008910456047293567,0.0,0.9426153495479267,0.9442966740682873,0.0016813245203606275
shuffled_primes,64,(2+0j),0.6,64,0.0026904687265344074,0.0,0.9015875552579646,0.9064520254464778,0.004864470188513215
shuffled_primes,64,(1.5+0.75j),0.15,64,0.0004899736289871745,0.0,0.9809198519186516,0.9818815634413508,0.0009617115226991935
shuffled_primes,64,(1.5+0.75j),0.35,64,0.0027346818328134142,0.0,0.9549115191394687,0.9601485666882982,0.0052370475488294765
shuffled_primes,64,(1.5+0.75j),0.6,64,0.008288045439802301,0.0,0.9215745697424423,0.9369780227980243,0.015403453055581995
random_increasing,64,(1.25+0j),0.15,64,5.7334948891018996e-06,0.0,0.989965352324634,0.9899767043122963,1.1351987662333585e-05
random_increasing,64,(1.25+0j),0.35,64,3.1342399736005404e-05,0.0,0.9767076044440058,0.9767688310833132,6.122663930741012e-05
random_increasing,64,(1.25+0j),0.6,64,9.257790752812523e-05,0.0,0.9603294979510923,0.9605073250046186,0.00017782705352620276
random_increasing,64,(1.5+0j),0.15,64,9.182950409436978e-07,0.0,0.9967278029894416,0.99672963357152,1.8305820783659499e-06
random_increasing,64,(1.5+0j),0.35,64,5.009295845676259e-06,0.0,0.9923754218938533,0.9923853641478134,9.942253960115721e-06
random_increasing,64,(1.5+0j),0.6,64,1.4756936918312087e-05,0.0,0.986951866172357,0.9869809953750753,2.9129202718358727e-05
random_increasing,64,(2+0j),0.15,54,2.955216966608057e-08,0.0,0.9995562659658427,0.9995563250439571,5.907811440053479e-08
random_increasing,64,(2+0j),0.35,58,1.6096135006335905e-07,0.0,0.9989647043698945,0.9989650259593613,3.215894668340269e-07
random_increasing,64,(2+0j),0.6,60,4.732726814132316e-07,0.0,0.9982253870345393,0.9982263319005976,9.448660582833668e-07
random_increasing,64,(1.5+0.75j),0.15,64,6.846369639155661e-07,0.0,1.0021264653716664,1.0021278375551235,1.3721834570823432e-06
random_increasing,64,(1.5+0.75j),0.35,64,3.7219958995635727e-06,0.0,1.0049663626127994,1.0049738436005675,7.480987768149205e-06
random_increasing,64,(1.5+0.75j),0.6,64,1.0918042363763692e-05,0.0,1.008523645699665,1.0085456681302,2.20224305351735e-05
primes,128,(1.25+0j),0.15,94,0.004253323704526208,0.0,0.8212093295268768,0.8282248945297421,0.007015565002865376
primes,128,(1.25+0j),0.35,102,0.026132647264409996,0.0,0.6145267008322538,0.6475048369514586,0.03297813611920475
primes,128,(1.25+0j),0.6,110,0.09081813205497141,0.0,0.40250859304390885,0.48286097440908404,0.0803523813651752
primes,128,(1.5+0j),0.15,82,0.002477815929345968,0.0,0.8775668324164759,0.8819265314106762,0.004359698994200301
primes,128,(1.5+0j),0.35,90,0.014911668354370924,0.0,0.7256024249849365,0.7475695891933788,0.021967164208442247
primes,128,(1.5+0j),0.6,94,0.05021070268692068,0.0,0.5534226021751478,0.6119277381096215,0.058505135934473707
primes,128,(2+0j),0.15,68,0.0009338760342366218,0.0,0.9327389433079146,0.9344826968090586,0.0017437535011439742
primes,128,(2+0j),0.35,72,0.005442579482233045,0.0,0.8447998314276521,0.854045927805299,0.00924609637764684
primes,128,(2+0j),0.6,76,0.017499284795701644,0.0,0.7377700297544002,0.7640506338087482,0.026280604054347956
primes,128,(1.5+0.75j),0.15,82,0.0021482472886605454,0.0,0.9411410065998903,0.9451933167130601,0.004052310113169755
primes,128,(1.5+0.75j),0.35,90,0.012722890015058386,0.0,0.8598509215275374,0.8820121611668952,0.022161239639357788
primes,128,(1.5+0.75j),0.6,94,0.04167814920161194,0.0,0.7537824570332902,0.819345484263412,0.06556302723012186
composites,128,(1.25+0j),0.15,108,0.0011637161975016723,0.0,0.8240309171415681,0.8259510270669814,0.0019201099254133602
composites,128,(1.25+0j),0.35,120,0.006578352482132645,0.0,0.6325840587712975,0.6409617836889604,0.008377724917662865
composites,128,(1.25+0j),0.6,126,0.020302237792878448,0.0,0.4495018438941671,0.46812955609436685,0.018627712200199764
composites,128,(1.5+0j),0.15,96,0.0004240383340159177,0.0,0.909033252287072,0.9098045091876498,0.000771256900577777
composites,128,(1.5+0j),0.35,106,0.002373295022922204,0.0,0.7985894253129612,0.8023890143466742,0.0037995890337130245
composites,128,(1.5+0j),0.6,112,0.007226707637324296,0.0,0.6764491156971592,0.68629716333564,0.009848047638480795
composites,128,(2+0j),0.15,78,6.892572708144595e-05,0.0,0.9721120262008651,0.9722460424943653,0.00013401629350018318
composites,128,(2+0j),0.35,86,0.0003807022682152273,0.0,0.9357506403655084,0.9364633964812427,0.0007127561157342921
composites,128,(2+0j),0.6,90,0.001139387945624199,0.0,0.8915983154272422,0.8936323853968484,0.0020340699696062003
composites,128,(1.5+0.75j),0.15,96,0.00032024389721770465,0.0,1.0257667991679387,1.026423990154928,0.0006571909869892423
composites,128,(1.5+0.75j),0.35,106,0.0017722225915272525,0.0,1.060721191374174,1.0644874746351176,0.003766283260943526
composites,128,(1.5+0.75j),0.6,112,0.005312794017807522,0.0,1.105323509137265,1.117130876750746,0.01180736761348089
shuffled_primes,128,(1.25+0j),0.15,100,0.0032800890009776523,0.0,0.822012815350294,0.8274230961995367,0.005410280849242666
shuffled_primes,128,(1.25+0j),0.35,108,0.019283844108877738,0.0,0.6188684451926322,0.6432036562725459,0.024335211079913766
shuffled_primes,128,(1.25+0j),0.6,116,0.06310614261056322,0.0,0.41490062683359885,0.4707328603435249,0.055832233509926055
shuffled_primes,128,(1.5+0j),0.15,88,0.0020654419384476073,0.0,0.8779300993837106,0.8815642292068501,0.003634129823139487
shuffled_primes,128,(1.5+0j),0.35,96,0.012008454327930079,0.0,0.7277539570926668,0.7454442193194282,0.0176902622267614
shuffled_primes,128,(1.5+0j),0.6,102,0.03861703140485428,0.0,0.5602780840063954,0.6052737399792953,0.044995655972899895
shuffled_primes,128,(2+0j),0.15,74,0.0008963634592331884,0.0,0.9327740610433974,0.9344477702434155,0.0016737092000180809
shuffled_primes,128,(2+0j),0.35,80,0.005116930527547906,0.0,0.8450792107053678,0.8537720783632933,0.00869286765792543
shuffled_primes,128,(2+0j),0.6,84,0.016016721623143316,0.0,0.7389064703408658,0.7629605002185061,0.02405402987764038
shuffled_primes,128,(1.5+0.75j),0.15,88,0.0018474246281228318,0.0,0.9414252795735928,0.9449101377979591,0.003484858224366283
shuffled_primes,128,(1.5+0.75j),0.35,96,0.010665873136693598,0.0,0.8616587409856444,0.8802369982620416,0.01857825727639717
shuffled_primes,128,(1.5+0.75j),0.6,102,0.03385269740287218,0.0,0.7600775596032392,0.8133304155813184,0.05325285597807916
random_increasing,128,(1.25+0j),0.15,78,9.982665159861337e-06,0.0,0.9873131029421317,0.987332815171141,1.9712229009316573e-05
random_increasing,128,(1.25+0j),0.35,86,5.460699858522152e-05,0.0,0.9705915110413434,0.9706975190085982,0.00010600796725479533
random_increasing,128,(1.25+0j),0.6,90,0.00016143068420395088,0.0,0.9499985430692711,0.9503053104189526,0.00030676734968149155
random_increasing,128,(1.5+0j),0.15,68,1.6913406468049298e-06,0.0,0.9957327535364354,0.9957361217886912,3.368252255775417e-06
random_increasing,128,(1.5+0j),0.35,74,9.228579876395976e-06,0.0,0.9900612224131567,0.9900794962999456,1.8273886788877647e-05
random_increasing,128,(1.5+0j),0.6,76,2.71951518618769e-05,0.0,0.9830008856523973,0.9830543528231701,5.346717077281404e-05
random_increasing,128,(2+0j),0.15,54,5.6232940794067016e-08,0.0,0.999371463311224,0.9993715757064229,1.123951989256966e-07
random_increasing,128,(2+0j),0.35,58,3.063019228966442e-07,0.0,0.998533648707688,0.9985342604134287,6.117057407273307e-07
random_increasing,128,(2+0j),0.6,60,9.006850434699992e-07,0.0,0.9974867570710417,0.9974885539154665,1.7968444248062099e-06
random_increasing,128,(1.5+0.75j),0.15,68,1.4007142598101175e-06,0.0,1.0027003325764308,1.0027031415526497,2.8089762189598133e-06
random_increasing,128,(1.5+0.75j),0.35,72,7.615240381094516e-06,0.0,1.0063073138311218,1.0063226402682535,1.5326437131646387e-05
random_increasing,128,(1.5+0.75j),0.6,76,2.23395817709988e-05,0.0,1.0108265401927818,1.0108717035315715,4.516333878967771e-05
