case,atoms,degree,branch_count,weight_sum,chain_residual_zero,zero_form_characteristic,one_form_characteristic,cohomology_factor,characteristic_quotient_exact,ordinary_block_determinant,ordinary_block_equals_graded_ratio
single_2,2,2,1,1/4,True,-(z - 256)*(z - 32)*(z - 4)/32768,(z - 256)*(z - 32)/8192,1 - z/4,True,-(z - 256)**2*(z - 32)**2*(z - 4)/268435456,False
single_2,2,3,1,1/4,True,(z - 2048)*(z - 256)*(z - 32)*(z - 4)/67108864,-(z - 2048)*(z - 256)*(z - 32)/16777216,1 - z/4,True,-(z - 2048)**2*(z - 256)**2*(z - 32)**2*(z - 4)/1125899906842624,False
single_2,2,4,1,1/4,True,-(z - 16384)*(z - 2048)*(z - 256)*(z - 32)*(z - 4)/1099511627776,(z - 16384)*(z - 2048)*(z - 256)*(z - 32)/274877906944,1 - z/4,True,-(z - 16384)**2*(z - 2048)**2*(z - 256)**2*(z - 32)**2*(z - 4)/302231454903657293676544,False
single_2,2,5,1,1/4,True,(z - 131072)*(z - 16384)*(z - 2048)*(z - 256)*(z - 32)*(z - 4)/144115188075855872,-(z - 131072)*(z - 16384)*(z - 2048)*(z - 256)*(z - 32)/36028797018963968,1 - z/4,True,-(z - 131072)**2*(z - 16384)**2*(z - 2048)**2*(z - 256)**2*(z - 32)**2*(z - 4)/5192296858534827628530496329220096,False
single_3,3,2,1,1/9,True,-(z - 576)*(z - 72)*(z - 9)/373248,(z - 576)*(z - 72)/41472,1 - z/9,True,-(z - 576)**2*(z - 72)**2*(z - 9)/15479341056,False
single_3,3,3,1,1/9,True,(z - 4608)*(z - 576)*(z - 72)*(z - 9)/1719926784,-(z - 4608)*(z - 576)*(z - 72)/191102976,1 - z/9,True,-(z - 4608)**2*(z - 576)**2*(z - 72)**2*(z - 9)/328683126924509184,False
single_3,3,4,1,1/9,True,-(z - 36864)*(z - 4608)*(z - 576)*(z - 72)*(z - 9)/63403380965376,(z - 36864)*(z - 4608)*(z - 576)*(z - 72)/7044820107264,1 - z/9,True,-(z - 36864)**2*(z - 4608)**2*(z - 576)**2*(z - 72)**2*(z - 9)/446665413093400408190091264,False
single_3,3,5,1,1/9,True,(z - 294912)*(z - 36864)*(z - 4608)*(z - 576)*(z - 72)*(z - 9)/18698417887260966912,-(z - 294912)*(z - 36864)*(z - 4608)*(z - 576)*(z - 72)/2077601987473440768,1 - z/9,True,-(z - 294912)**2*(z - 36864)**2*(z - 4608)**2*(z - 576)**2*(z - 72)**2*(z - 9)/38847870165182320168842223735239868416,False
single_5,5,2,1,1/25,True,-(z - 25600)*(z - 800)*(z - 25)/512000000,(z - 25600)*(z - 800)/20480000,1 - z/25,True,-(z - 25600)**2*(z - 800)**2*(z - 25)/10485760000000000,False
single_5,5,3,1,1/25,True,(z - 819200)*(z - 25600)*(z - 800)*(z - 25)/419430400000000,-(z - 819200)*(z - 25600)*(z - 800)/16777216000000,1 - z/25,True,-(z - 819200)**2*(z - 25600)**2*(z - 800)**2*(z - 25)/7036874417766400000000000000,False
single_5,5,4,1,1/25,True,-(z - 26214400)*(z - 819200)*(z - 25600)*(z - 800)*(z - 25)/10995116277760000000000,(z - 26214400)*(z - 819200)*(z - 25600)*(z - 800)/439804651110400000000,1 - z/25,True,-(z - 26214400)**2*(z - 819200)**2*(z - 25600)**2*(z - 800)**2*(z - 25)/4835703278458516698824704000000000000000000,False
single_5,5,5,1,1/25,True,(z - 838860800)*(z - 26214400)*(z - 819200)*(z - 25600)*(z - 800)*(z - 25)/9223372036854775808000000000000,-(z - 838860800)*(z - 26214400)*(z - 819200)*(z - 25600)*(z - 800)/368934881474191032320000000000,1 - z/25,True,-(z - 838860800)**2*(z - 26214400)**2*(z - 819200)**2*(z - 25600)**2*(z - 800)**2*(z - 25)/3402823669209384634633746074317682114560000000000000000000000,False
single_7,7,2,1,1/49,True,-(z - 50176)*(z - 1568)*(z - 49)/3855122432,(z - 50176)*(z - 1568)/78675968,1 - z/49,True,-(z - 50176)**2*(z - 1568)**2*(z - 49)/303305489096114176,False
single_7,7,3,1,1/49,True,(z - 1605632)*(z - 50176)*(z - 1568)*(z - 49)/6189907940737024,-(z - 1605632)*(z - 50176)*(z - 1568)/126324651851776,1 - z/49,True,-(z - 1605632)**2*(z - 50176)**2*(z - 1568)**2*(z - 49)/781937965608148265707843354624,False
single_7,7,4,1,1/49,True,-(z - 51380224)*(z - 1605632)*(z - 50176)*(z - 1568)*(z - 49)/318038856534447018213376,(z - 51380224)*(z - 1605632)*(z - 50176)*(z - 1568)/6490588908866265677824,1 - z/49,True,-(z - 51380224)**2*(z - 1605632)**2*(z - 50176)**2*(z - 1568)**2*(z - 49)/2064259474810991281959594880671033834103373824,False
single_7,7,5,1,1/49,True,(z - 1644167168)*(z - 51380224)*(z - 1605632)*(z - 50176)*(z - 1568)*(z - 49)/522909046062200048381930837639168,-(z - 1644167168)*(z - 51380224)*(z - 1605632)*(z - 50176)*(z - 1568)/10671613184942858130243486482432,1 - z/49,True,-(z - 1644167168)**2*(z - 51380224)**2*(z - 1605632)**2*(z - 50176)**2*(z - 1568)**2*(z - 49)/5580283070483266365815662079887163249816328108160908323587096576,False
single_10,10,2,1,1/100,True,-(z - 1638400)*(z - 12800)*(z - 100)/2097152000000,(z - 1638400)*(z - 12800)/20971520000,1 - z/100,True,-(z - 1638400)**2*(z - 12800)**2*(z - 100)/43980465111040000000000,False
single_10,10,3,1,1/100,True,(z - 209715200)*(z - 1638400)*(z - 12800)*(z - 100)/439804651110400000000,-(z - 209715200)*(z - 1638400)*(z - 12800)/4398046511104000000,1 - z/100,True,-(z - 209715200)**2*(z - 1638400)**2*(z - 12800)**2*(z - 100)/1934281311383406679529881600000000000000,False
single_10,10,4,1,1/100,True,-(z - 26843545600)*(z - 209715200)*(z - 1638400)*(z - 12800)*(z - 100)/11805916207174113034240000000000,(z - 26843545600)*(z - 209715200)*(z - 1638400)*(z - 12800)/118059162071741130342400000000,1 - z/100,True,-(z - 26843545600)**2*(z - 209715200)**2*(z - 1638400)**2*(z - 12800)**2*(z - 100)/1393796574908163946345982392040522594123776000000000000000000,False
single_10,10,5,1,1/100,True,(z - 3435973836800)*(z - 26843545600)*(z - 209715200)*(z - 1638400)*(z - 12800)*(z - 100)/40564819207303340847894502572032000000000000,-(z - 3435973836800)*(z - 26843545600)*(z - 209715200)*(z - 1638400)*(z - 12800)/405648192073033408478945025720320000000000,1 - z/100,True,-(z - 3435973836800)**2*(z - 26843545600)**2*(z - 209715200)**2*(z - 1638400)**2*(z - 12800)**2*(z - 100)/16455045573212060421549691825573505049827358656335798633486090240000000000000000000000,False
single_31,31,2,1,1/961,True,-(z - 251920384)*(z - 492032)*(z - 961)/119118727655456768,(z - 251920384)*(z - 492032)/123952890380288,1 - z/961,True,-(z - 251920384)**2*(z - 492032)**2*(z - 961)/14765110591316213366297863389184,False
single_31,31,3,1,1/961,True,(z - 128983236608)*(z - 251920384)*(z - 492032)*(z - 961)/15364319033627693409258962944,-(z - 128983236608)*(z - 251920384)*(z - 492032)/15987844988166174203183104,1 - z/961,True,-(z - 128983236608)**2*(z - 251920384)**2*(z - 492032)**2*(z - 961)/245642351058370675004085623921653450833834686782898176,False
single_31,31,4,1,1/961,True,-(z - 66039417143296)*(z - 128983236608)*(z - 251920384)*(z - 492032)*(z - 961)/1014650673784421728044918269619536002023424,(z - 66039417143296)*(z - 128983236608)*(z - 251920384)*(z - 492032)/1055827964395860278922911831029694070784,1 - z/961,True,-(z - 66039417143296)**2*(z - 128983236608)**2*(z - 251920384)**2*(z - 492032)**2*(z - 961)/1071296555474694066772649365689792959574467600629728233179307247522663919482044416,False
single_31,31,5,1,1/961,True,(z - 33812181577367552)*(z - 66039417143296)*(z - 128983236608)*(z - 251920384)*(z - 492032)*(z - 961)/34307552819597198107049701519486759806739851391875361538048,-(z - 33812181577367552)*(z - 66039417143296)*(z - 128983236608)*(z - 251920384)*(z - 492032)/35699846846615190538032988053576232889427524861472800768,1 - z/961,True,-(z - 33812181577367552)**2*(z - 66039417143296)**2*(z - 128983236608)**2*(z - 251920384)**2*(z - 492032)**2*(z - 961)/1224774381341781121710078613792941609196144506779694078889477011143629661894907248479463186245835257306794755620864,False
shared_2_3,2|3,2,2,13/36,True,-(13*z - 2304)*(13*z - 288)*(13*z - 36)/23887872,(13*z - 2304)*(13*z - 288)/663552,1 - 13*z/36,True,-(13*z - 2304)**2*(13*z - 288)**2*(13*z - 36)/15850845241344,False
shared_2_3,2|3,3,2,13/36,True,(13*z - 18432)*(13*z - 2304)*(13*z - 288)*(13*z - 36)/440301256704,-(13*z - 18432)*(13*z - 2304)*(13*z - 288)/12230590464,1 - 13*z/36,True,-(13*z - 18432)**2*(13*z - 2304)**2*(13*z - 288)**2*(13*z - 36)/5385144351531158470656,False
shared_2_3,2|3,4,2,13/36,True,-(13*z - 147456)*(13*z - 18432)*(13*z - 2304)*(13*z - 288)*(13*z - 36)/64925062108545024,(13*z - 147456)*(13*z - 18432)*(13*z - 2304)*(13*z - 288)/1803473947459584,1 - 13*z/36,True,-(13*z - 147456)**2*(13*z - 18432)**2*(13*z - 2304)**2*(13*z - 288)**2*(13*z - 36)/117090658049956356604583284310016,False
shared_2_3,2|3,5,2,13/36,True,(13*z - 1179648)*(13*z - 147456)*(13*z - 18432)*(13*z - 2304)*(13*z - 288)*(13*z - 36)/76588719666220920471552,-(13*z - 1179648)*(13*z - 147456)*(13*z - 18432)*(13*z - 2304)*(13*z - 288)/2127464435172803346432,1 - 13*z/36,True,-(13*z - 1179648)**2*(13*z - 147456)**2*(13*z - 18432)**2*(13*z - 2304)**2*(13*z - 288)**2*(13*z - 36)/162939777225304866213455614381611521056702464,False
shared_2_3_5,2|3|5,2,3,361/900,True,-(167*z - 3600)*(361*z - 900)*(1309*z - 230400)/746496000000,(167*z - 3600)*(1309*z - 230400)/829440000,1 - 361*z/900,True,-(167*z - 3600)**2*(361*z - 900)*(1309*z - 230400)**2/619173642240000000000,False
shared_2_3_5,2|3|5,3,3,361/900,True,(167*z - 3600)*(361*z - 900)*(1309*z - 230400)*(5209*z - 7372800)/5503765708800000000,-(167*z - 3600)*(1309*z - 230400)*(5209*z - 7372800)/6115295232000000,1 - 361*z/900,True,-(167*z - 3600)**2*(361*z - 900)*(1309*z - 230400)**2*(5209*z - 7372800)**2/33657152197069740441600000000000000,False
shared_2_3_5,2|3|5,4,3,361/900,True,-(167*z - 3600)*(361*z - 900)*(1309*z - 230400)*(5209*z - 7372800)*(20809*z - 235929600)/1298501242170900480000000000,(167*z - 3600)*(1309*z - 230400)*(5209*z - 7372800)*(20809*z - 235929600)/1442779157967667200000000,1 - 361*z/900,True,-(167*z - 3600)**2*(361*z - 900)*(1309*z - 230400)**2*(5209*z - 7372800)**2*(20809*z - 235929600)**2/1873450528799301705673332548960256000000000000000000,False
shared_2_3_5,2|3|5,5,3,361/900,True,(167*z - 3600)*(361*z - 900)*(1309*z - 230400)*(5209*z - 7372800)*(20809*z - 235929600)*(83209*z - 7549747200)/9803356117276277820358656000000000000,-(167*z - 3600)*(1309*z - 230400)*(5209*z - 7372800)*(20809*z - 235929600)*(83209*z - 7549747200)/10892617908084753133731840000000000,1 - 361*z/900,True,-(167*z - 3600)**2*(361*z - 900)*(1309*z - 230400)**2*(5209*z - 7372800)**2*(20809*z - 235929600)**2*(83209*z - 7549747200)**2/106784212402375797121650271441132926439720526807040000000000000000000000,False
shared_squares,4|9|16,2,3,1633/20736,True,-(1633*z - 20736)*(21841*z - 10616832)*(335953*z - 5435817984)/1196698744784701882368,(21841*z - 10616832)*(335953*z - 5435817984)/57711166318706688,1 - 1633*z/20736,True,-(1633*z - 20736)*(21841*z - 10616832)**2*(335953*z - 5435817984)**2/69062880293657458077941731084870877184,False
shared_squares,4|9|16,3,3,1633/20736,True,(1633*z - 20736)*(21841*z - 10616832)*(335953*z - 5435817984)*(5324881*z - 2783138807808)/3330578717865425254530368975929344,-(21841*z - 10616832)*(335953*z - 5435817984)*(5324881*z - 2783138807808)/160618186625454535808756219904,1 - 1633*z/20736,True,-(1633*z - 20736)*(21841*z - 10616832)**2*(335953*z - 5435817984)**2*(5324881*z - 2783138807808)**2/534951514076875962458298145927549709299736308118011818830462976,False
shared_squares,4|9|16,4,3,1633/20736,True,-(1633*z - 20736)*(21841*z - 10616832)*(335953*z - 5435817984)*(5324881*z - 2783138807808)*(85000273*z - 1424967069597696)/4745964995661146538740012064050352286209801191424,(21841*z - 10616832)*(335953*z - 5435817984)*(5324881*z - 2783138807808)*(85000273*z - 1424967069597696)/228875626719769798357446569446872698987741184,1 - 1633*z/20736,True,-(1633*z - 20736)*(21841*z - 10616832)**2*(335953*z - 5435817984)**2*(5324881*z - 2783138807808)**2*(85000273*z - 1424967069597696)**2/1086235712772034465870376739458393036677167368787193745129702380707041879509233243173752406016,False
shared_squares,4|9|16,5,3,1633/20736,True,(1633*z - 20736)*(21841*z - 10616832)*(335953*z - 5435817984)*(5324881*z - 2783138807808)*(85000273*z - 1424967069597696)*(1359216721*z - 729583139634020352)/3462576042127619069201681707803249160362224068031804697172663861248,-(21841*z - 10616832)*(335953*z - 5435817984)*(5324881*z - 2783138807808)*(85000273*z - 1424967069597696)*(1359216721*z - 729583139634020352)/166983798327913728260111965075388173242777009453694285164576768,1 - 1633*z/20736,True,-(1633*z - 20736)*(21841*z - 10616832)**2*(335953*z - 5435817984)**2*(5324881*z - 2783138807808)**2*(85000273*z - 1424967069597696)**2*(1359216721*z - 729583139634020352)**2/578194099513704052230731718842701273604491854596294498786218875027776504118320695737312803880951844452060237574146323914596286464,False
shared_fibonacci,5|8|13|21,2,4,7609081/119246400,True,-(7609081*z - 119246400)*(21715849*z - 15263539200)*(78903421*z - 1953733017600)/3556032644511471174156288000000,(21715849*z - 15263539200)*(78903421*z - 1953733017600)/29820880500471889920000,1 - 7609081*z/119246400,True,-(7609081*z - 119246400)*(21715849*z - 15263539200)**2*(78903421*z - 1953733017600)**2/106044024547753618723845259343038916811816960000000000,False
shared_fibonacci,5|8|13|21,3,4,7609081/119246400,True,(7609081*z - 119246400)*(21715849*z - 15263539200)*(78903421*z - 1953733017600)*(153921917*z - 125038913126400)/444642456911712297913585900048298803200000000,-(21715849*z - 15263539200)*(78903421*z - 1953733017600)*(153921917*z - 125038913126400)/3728770486251260397912103845888000000,1 - 7609081*z/119246400,True,-(7609081*z - 119246400)*(21715849*z - 15263539200)**2*(78903421*z - 1953733017600)**2*(153921917*z - 125038913126400)**2/1657969670266640564835670803443654531019387929385760173750507641241600000000000000,False
shared_fibonacci,5|8|13|21,4,4,7609081/119246400,True,-(7609081*z - 119246400)*(21715849*z - 15263539200)*(78903421*z - 1953733017600)*(153921917*z - 125038913126400)*(4894612069*z - 128039847041433600)/56931952171102872835571080530373824120252303692267520000000000,(21715849*z - 15263539200)*(78903421*z - 1953733017600)*(153921917*z - 125038913126400)*(4894612069*z - 128039847041433600)/477431202712223369724965118698542045044985036800000000,1 - 7609081*z/119246400,True,-(7609081*z - 119246400)*(21715849*z - 15263539200)**2*(78903421*z - 1953733017600)**2*(153921917*z - 125038913126400)**2*(4894612069*z - 128039847041433600)**2/27181090397804421063863281334047503066766061392945512999967811001817438457331241614759830262644736000000000000000000,False
shared_fibonacci,5|8|13|21,5,4,7609081/119246400,True,(7609081*z - 119246400)*(21715849*z - 15263539200)*(78903421*z - 1953733017600)*(153921917*z - 125038913126400)*(4894612069*z - 128039847041433600)*(78190426129*z - 65556401685214003200)/3732253925252211401013035673934674542297759459954869347396288264536064000000000000,-(21715849*z - 15263539200)*(78903421*z - 1953733017600)*(153921917*z - 125038913126400)*(4894612069*z - 128039847041433600)*(78190426129*z - 65556401685214003200)/31298671702057348490294345774251252384120270800249477949827317760000000000,1 - 7609081*z/119246400,True,-(7609081*z - 119246400)*(21715849*z - 15263539200)**2*(78903421*z - 1953733017600)**2*(153921917*z - 125038913126400)**2*(4894612069*z - 128039847041433600)**2*(78190426129*z - 65556401685214003200)**2/116814590315183851317816834145235217166715635462569246432090745072175396052608647768648210334543970287363006742160985722582999907696640000000000000000000000,False
