q,step_weight_u,degree,primitive_count_euler_coefficient,trace_exponential_coefficient,reciprocal_determinant_coefficient,phase_substitution_coefficient,all_exactly_equal
2,1,0,1,1,1,1,true
2,1,1,0,0,0,0,true
2,1,2,1,1,1,1,true
2,1,3,0,0,0,0,true
2,1,4,1,1,1,1,true
2,1,5,0,0,0,0,true
2,1,6,1,1,1,1,true
2,1,7,0,0,0,0,true
2,1,8,1,1,1,1,true
2,1,9,0,0,0,0,true
2,1,10,1,1,1,1,true
2,1,11,0,0,0,0,true
2,1,12,1,1,1,1,true
2,-1,0,1,1,1,1,true
2,-1,1,0,0,0,0,true
2,-1,2,1,1,1,1,true
2,-1,3,0,0,0,0,true
2,-1,4,1,1,1,1,true
2,-1,5,0,0,0,0,true
2,-1,6,1,1,1,1,true
2,-1,7,0,0,0,0,true
2,-1,8,1,1,1,1,true
2,-1,9,0,0,0,0,true
2,-1,10,1,1,1,1,true
2,-1,11,0,0,0,0,true
2,-1,12,1,1,1,1,true
3,1,0,1,1,1,1,true
3,1,1,0,0,0,0,true
3,1,2,3,3,3,3,true
3,1,3,2,2,2,2,true
3,1,4,9,9,9,9,true
3,1,5,12,12,12,12,true
3,1,6,31,31,31,31,true
3,1,7,54,54,54,54,true
3,1,8,117,117,117,117,true
3,1,9,224,224,224,224,true
3,1,10,459,459,459,459,true
3,1,11,906,906,906,906,true
3,1,12,1825,1825,1825,1825,true
3,-1,0,1,1,1,1,true
3,-1,1,0,0,0,0,true
3,-1,2,3,3,3,3,true
3,-1,3,-2,-2,-2,-2,true
3,-1,4,9,9,9,9,true
3,-1,5,-12,-12,-12,-12,true
3,-1,6,31,31,31,31,true
3,-1,7,-54,-54,-54,-54,true
3,-1,8,117,117,117,117,true
3,-1,9,-224,-224,-224,-224,true
3,-1,10,459,459,459,459,true
3,-1,11,-906,-906,-906,-906,true
3,-1,12,1825,1825,1825,1825,true
4,1,0,1,1,1,1,true
4,1,1,0,0,0,0,true
4,1,2,6,6,6,6,true
4,1,3,8,8,8,8,true
4,1,4,39,39,39,39,true
4,1,5,96,96,96,96,true
4,1,6,316,316,316,316,true
4,1,7,912,912,912,912,true
4,1,8,2781,2781,2781,2781,true
4,1,9,8288,8288,8288,8288,true
4,1,10,24930,24930,24930,24930,true
4,1,11,74712,74712,74712,74712,true
4,1,12,224227,224227,224227,224227,true
4,-1,0,1,1,1,1,true
4,-1,1,0,0,0,0,true
4,-1,2,6,6,6,6,true
4,-1,3,-8,-8,-8,-8,true
4,-1,4,39,39,39,39,true
4,-1,5,-96,-96,-96,-96,true
4,-1,6,316,316,316,316,true
4,-1,7,-912,-912,-912,-912,true
4,-1,8,2781,2781,2781,2781,true
4,-1,9,-8288,-8288,-8288,-8288,true
4,-1,10,24930,24930,24930,24930,true
4,-1,11,-74712,-74712,-74712,-74712,true
4,-1,12,224227,224227,224227,224227,true
5,1,0,1,1,1,1,true
5,1,1,0,0,0,0,true
5,1,2,10,10,10,10,true
5,1,3,20,20,20,20,true
5,1,4,115,115,115,115,true
5,1,5,404,404,404,404,true
5,1,6,1700,1700,1700,1700,true
5,1,7,6680,6680,6680,6680,true
5,1,8,26885,26885,26885,26885,true
5,1,9,107320,107320,107320,107320,true
5,1,10,429566,429566,429566,429566,true
5,1,11,1717900,1717900,1717900,1717900,true
5,1,12,6872055,6872055,6872055,6872055,true
5,-1,0,1,1,1,1,true
5,-1,1,0,0,0,0,true
5,-1,2,10,10,10,10,true
5,-1,3,-20,-20,-20,-20,true
5,-1,4,115,115,115,115,true
5,-1,5,-404,-404,-404,-404,true
5,-1,6,1700,1700,1700,1700,true
5,-1,7,-6680,-6680,-6680,-6680,true
5,-1,8,26885,26885,26885,26885,true
5,-1,9,-107320,-107320,-107320,-107320,true
5,-1,10,429566,429566,429566,429566,true
5,-1,11,-1717900,-1717900,-1717900,-1717900,true
5,-1,12,6872055,6872055,6872055,6872055,true
6,1,0,1,1,1,1,true
6,1,1,0,0,0,0,true
6,1,2,15,15,15,15,true
6,1,3,40,40,40,40,true
6,1,4,270,270,270,270,true
6,1,5,1224,1224,1224,1224,true
6,1,6,6330,6330,6330,6330,true
6,1,7,31320,31320,31320,31320,true
6,1,8,157095,157095,157095,157095,true
6,1,9,784760,784760,784760,784760,true
6,1,10,3924801,3924801,3924801,3924801,true
6,1,11,19622640,19622640,19622640,19622640,true
6,1,12,98115020,98115020,98115020,98115020,true
6,-1,0,1,1,1,1,true
6,-1,1,0,0,0,0,true
6,-1,2,15,15,15,15,true
6,-1,3,-40,-40,-40,-40,true
6,-1,4,270,270,270,270,true
6,-1,5,-1224,-1224,-1224,-1224,true
6,-1,6,6330,6330,6330,6330,true
6,-1,7,-31320,-31320,-31320,-31320,true
6,-1,8,157095,157095,157095,157095,true
6,-1,9,-784760,-784760,-784760,-784760,true
6,-1,10,3924801,3924801,3924801,3924801,true
6,-1,11,-19622640,-19622640,-19622640,-19622640,true
6,-1,12,98115020,98115020,98115020,98115020,true
7,1,0,1,1,1,1,true
7,1,1,0,0,0,0,true
7,1,2,21,21,21,21,true
7,1,3,70,70,70,70,true
7,1,4,546,546,546,546,true
7,1,5,3024,3024,3024,3024,true
7,1,6,18606,18606,18606,18606,true
7,1,7,110844,110844,110844,110844,true
7,1,8,666351,666351,666351,666351,true
7,1,9,3996104,3996104,3996104,3996104,true
7,1,10,23979627,23979627,23979627,23979627,true
7,1,11,143873394,143873394,143873394,143873394,true
7,1,12,863246552,863246552,863246552,863246552,true
7,-1,0,1,1,1,1,true
7,-1,1,0,0,0,0,true
7,-1,2,21,21,21,21,true
7,-1,3,-70,-70,-70,-70,true
7,-1,4,546,546,546,546,true
7,-1,5,-3024,-3024,-3024,-3024,true
7,-1,6,18606,18606,18606,18606,true
7,-1,7,-110844,-110844,-110844,-110844,true
7,-1,8,666351,666351,666351,666351,true
7,-1,9,-3996104,-3996104,-3996104,-3996104,true
7,-1,10,23979627,23979627,23979627,23979627,true
7,-1,11,-143873394,-143873394,-143873394,-143873394,true
7,-1,12,863246552,863246552,863246552,863246552,true
8,1,0,1,1,1,1,true
8,1,1,0,0,0,0,true
8,1,2,28,28,28,28,true
8,1,3,112,112,112,112,true
8,1,4,994,994,994,994,true
8,1,5,6496,6496,6496,6496,true
8,1,6,46396,46396,46396,46396,true
8,1,7,323056,323056,323056,323056,true
8,1,8,2264395,2264395,2264395,2264395,true
8,1,9,15845760,15845760,15845760,15845760,true
8,1,10,110928328,110928328,110928328,110928328,true
8,1,11,776485920,776485920,776485920,776485920,true
8,1,12,5435420004,5435420004,5435420004,5435420004,true
8,-1,0,1,1,1,1,true
8,-1,1,0,0,0,0,true
8,-1,2,28,28,28,28,true
8,-1,3,-112,-112,-112,-112,true
8,-1,4,994,994,994,994,true
8,-1,5,-6496,-6496,-6496,-6496,true
8,-1,6,46396,46396,46396,46396,true
8,-1,7,-323056,-323056,-323056,-323056,true
8,-1,8,2264395,2264395,2264395,2264395,true
8,-1,9,-15845760,-15845760,-15845760,-15845760,true
8,-1,10,110928328,110928328,110928328,110928328,true
8,-1,11,-776485920,-776485920,-776485920,-776485920,true
8,-1,12,5435420004,5435420004,5435420004,5435420004,true
