p,cycle_length,simulated_length,harmonic_lower_bound,length_over_log_p,optimal_max_weight_sigma_1,optimal_max_weight_sigma_2,source_roof_over_log_p
2,2,2,2.0,2.8853900817779268,0.7071067811865476,0.5,4.0
3,2,2,2.0,1.8204784532536746,0.5773502691896257,0.3333333333333333,3.2618595071429146
5,5,5,4.5,3.1066746727980594,0.7247796636776955,0.5253055608807535,8.94927173741233
7,6,6,5.5,3.0833900542185044,0.7230200263994838,0.5227579585747102,10.335014752079358
11,12,12,11.166666666666666,5.004388697090956,0.8188743660792728,0.6705552274217308,21.081452985132504
13,14,14,12.833333333333332,5.45819743351792,0.8325927362887023,0.6932106645207086,24.57466520148014
17,22,22,20.416666666666668,7.765034725024745,0.8791652293499933,0.7729315004980264,39.052039986169326
19,24,24,22.583333333333332,8.150958525482606,0.8845422871134333,0.7824150576918634,42.45931341353845
23,28,28,26.916666666666668,8.930011689306427,0.894060407408509,0.7993440120954691,49.36107461069803
29,41,41,39.21666666666666,12.175942379308173,0.9211529688284773,0.8485227919815177,72.94710290802564
31,44,44,41.78333333333334,12.813093753678348,0.9249226526355832,0.8554819133584437,78.3894519390921
37,59,59,55.65,16.339335711122587,0.9406332140676659,0.8847908434072673,105.79240613489523
41,64,64,61.449999999999996,17.234080516121026,0.9436267683361225,0.8904314779204742,114.54933765407738
43,67,67,64.35000000000001,17.813463240215086,0.9454093079469147,0.8937987595526642,119.95667747273087
47,72,72,70.14999999999999,18.70058175640355,0.9479303288084143,0.8985719082748286,128.7601431110745
53,89,89,86.42142857142856,22.41648773890127,0.9563703730015524,0.9146442903551284,159.8460412371838
59,98,98,95.97857142857143,24.03411405736338,0.9592461869094621,0.9201532471003426,175.9939295500784
61,103,103,99.16428571428571,25.055499974751257,0.9608745720007095,0.9232799431175466,185.4195471666808
67,121,121,117.09642857142858,28.777371131002294,0.9658473058132281,0.9328610181466714,218.30296647954776
71,127,127,123.96785714285714,29.793464126644544,0.9669926266997223,0.9350747400916285,229.01771295988732
73,132,132,127.40357142857142,30.765935865523222,0.9680190805239423,0.9370609402584186,238.41281671738048
79,141,141,137.7107142857143,32.269523464020835,0.9694862452561779,0.9399035797409218,254.51690294559202
83,157,157,153.80436507936508,35.529681637076784,0.9722469124966496,0.9452640588592679,283.8433422474658
89,168,168,164.77817460317462,37.42784805043707,0.9736356964127008,0.9479664693290448,303.8924237358889
97,184,184,179.40992063492064,40.221120167944605,0.9754439681607594,0.9514909350212087,333.34725057263273
101,202,202,196.82579365079363,43.769171197777396,0.9774118880659218,0.9553339989325901,366.53075578445277
103,205,205,200.68373015873019,44.23128094881454,0.9776452213767041,0.9557901788807047,371.8511257319576
107,212,212,208.39960317460316,45.368663717470106,0.9781994966490323,0.95687425524442,384.52013471735705
109,217,217,212.25753968253971,46.25536315948715,0.978612903378635,0.9576832146591617,393.8753805270632
113,225,225,219.9734126984127,47.59499508573979,0.9792085726363039,0.9588494287244277,408.57441788152704
127,264,264,258.5244227994228,54.49830803149281,0.9818181279741782,0.9639668364187197,480.2776461234893
131,271,271,266.60393217893215,55.58749359955261,0.9821711899013718,0.9646602462722765,492.9325333965405
137,284,284,278.72319624819625,57.72380102311016,0.9828253190582752,0.9659456077820003,516.9485609653511
139,287,287,282.7629509379509,58.1622284136603,0.9829536721733061,0.9661979216389873,522.2758790488989
149,320,320,315.37839105339106,63.94952712018326,0.9844842960673251,0.9692093292031766,583.1119379849094
151,325,325,319.58481240981246,64.77613578881359,0.9846807676331109,0.9695962141465325,592.4398931599552
157,339,339,332.20407647907643,67.045791096908,0.9851955009653574,0.9706101751223815,618.4268486335816
163,351,351,344.8233405483405,68.90797274361975,0.9855926842817165,0.9713929393096392,640.4060598599185
167,357,357,353.23618326118327,69.75389441344828,0.9857661556904586,0.9717349137047453,651.0512225774185
173,385,385,379.1631396381397,74.70953136264758,0.9867040101012977,0.9735848035499817,703.0722655225346
179,396,396,392.2439421689421,76.3390298739921,0.9869859653970212,0.9741412958906899,722.9975375735739
181,404,404,396.60420967920965,77.71476978253204,0.9872148662796738,0.9745931922035943,738.3434019594656
191,424,424,418.40554723054726,80.72694725599798,0.987688971144358,0.9755295037202005,774.9311739059006
193,430,430,422.76581474081473,81.70726084285779,0.9878357752895439,0.9758195189418943,786.2645888788803
197,452,452,445.5577783327784,85.55414918818025,0.9883795413626781,0.976894117784298,826.8217099159112
199,457,457,450.06090298590294,86.3354775763903,0.9884840976007149,0.9771008112094997,836.1306786980336
211,486,486,477.0796509046509,90.80958199546666,0.9890483569395476,0.9782166523648189,889.9940645747535
223,510,510,504.0983988233988,94.31917859385533,0.9894537086596074,0.9790186415802512,933.8560757565257
227,535,535,528.2379814629815,98.6184201284826,0.9899111439270684,0.9799240728709971,980.2731080102556
229,540,540,532.8744394494395,99.37939402251013,0.9899880088944037,0.980076257754706,989.5716836297772
233,549,549,542.1473554223554,100.71475456954103,0.9901200983053823,0.9803378090682597,1006.1699234761363
239,561,561,556.0567293817294,102.43837006860736,0.9902855262168202,0.9806654234345245,1028.0699079325605
241,570,570,560.6931873681874,103.92362869799784,0.9904236968823872,0.9809390993461747,1045.401860461436
251,589,589,583.8754773004773,106.59759597781495,0.9906627904066474,0.9814127642962849,1079.9091667420837
257,622,622,613.8473512598512,112.09073194961334,0.9911183329243992,0.9823155498588402,1141.5222801799043
263,634,634,628.1317252192252,113.78005639090594,0.99124962287603,0.9825758148518718,1163.3887297954498
269,648,648,642.4160991785992,115.82366918204035,0.9914033504798858,0.9828806033427434,1189.2745688041584
271,655,655,647.1775571650572,116.92004774314039,0.9914836184341522,0.9830397656232795,1202.5867299590964
277,670,670,661.4619311244311,119.13191935531681,0.9916410757405781,0.9833520230959311,1230.4886642270362
281,680,680,670.984847097347,120.60255870359288,0.9917425832695499,0.9835533514701602,1249.0945637233922
283,683,683,675.746305083805,120.98245052754405,0.9917684050190047,0.9836045691939403,1254.38459949157
293,724,724,716.788889133742,127.46091533392423,0.9921851536612822,0.9844313791458622,1330.4243122414405
307,759,759,750.9426244507126,132.53364389157676,0.992483140021071,0.9850227832260846,1395.4709081597878
311,768,768,760.7008345412755,133.80273674515072,0.9925541698782814,0.9851637801427643,1412.056472793338
313,775,775,765.5799395865573,134.87166643808652,0.9926129635389866,0.9852804953856497,1425.3604732686251
317,783,783,775.3381496771202,135.96342336515173,0.9926720619783793,0.9853978226324074,1439.9437107514236
331,838,838,827.88077388298,144.43000741871987,0.9931001451201844,0.9862478982377313,1542.4230296846831
337,853,853,842.8514223521578,146.56148549903176,0.9932001493777555,0.9864465367239957,1570.281356061192
347,875,875,867.8025031341209,149.58991557448607,0.9933373519163041,0.9867190947120954,1610.714275511951
349,880,880,872.7927192905134,150.2970436047149,0.9933685946404154,0.9867811648178739,1620.0027790915772
353,893,893,882.7731516032985,152.22106237237688,0.9934521381671567,0.9869471508288954,1644.6024235239452
359,903,903,897.7438000724766,153.48470479314088,0.993505871408404,0.9870539165229723,1662.4580822531284
367,946,946,937.0204541717314,160.1934012412203,0.9937769892538239,0.9875927043703947,1742.91539679822
373,961,961,952.3068921145933,162.28781110320995,0.9938570533083707,0.9877518424107975,1770.7549420475714
379,978,978,967.5933300574553,164.71478509265327,0.9939472914774286,0.9879312182353163,1802.6198061178525
383,985,985,977.7842886860301,165.60090883656449,0.9939795815843261,0.9879954086065519,1815.1759594540777
389,1000,1000,993.0707266288921,167.68453010859793,0.9940541674999138,0.9881436879239467,1843.0282749214655
397,1024,1024,1013.4526438860419,171.1248168375223,0.9941733533587802,0.9883806565286422,1888.1951871293857
401,1055,1055,1043.6936025146165,176.01047534169268,0.994334629059505,0.9887013545469033,1945.9651934650979
409,1076,1076,1064.4755197717657,178.9243374653014,0.9944266345449325,0.9888843314923609,1985.069418875142
419,1098,1098,1090.4529163432028,181.8521817644554,0.9945161199753679,0.9890623128908603,2025.4517748503672
421,1109,1109,1095.6483956574903,183.5292711842919,0.994566095239925,0.9891617178007914,2046.7546272510833
431,1129,1129,1121.625792228927,186.11603737194386,0.9946414165964426,0.9893115476089779,2083.13530616034
433,1138,1138,1126.8212715432146,187.4566240525839,0.9946796361134469,0.9893875784987792,2100.4335786244237
439,1150,1150,1142.4077094860763,189.00486661708422,0.9947231029406363,0.9894740515238477,2122.2730313560323
443,1185,1185,1173.893906209889,194.46729006455973,0.9948709457788433,0.9897681987548902,2187.9231209913855
449,1199,1199,1189.7660584384653,196.33134213506546,0.9949195192557704,0.9898648497961333,2213.7310718606277
457,1222,1222,1210.9289280765677,199.52051755308574,0.9950005233257428,0.990026041418502,2256.832235693185
461,1231,1231,1221.510362895618,200.70440420960506,0.9950299401231355,0.9900845817414506,2273.382125645729
463,1238,1238,1226.8010803051438,201.70333237216747,0.995054493192358,0.9901334444223002,2286.666706044488
467,1246,1246,1237.3825151241945,202.72262480005298,0.9950792979953476,0.9901828092989137,2301.2114302575646
479,1276,1276,1269.1268195813475,206.75014606756747,0.9951749223140983,0.9903731260028715,2356.876217069735
487,1324,1324,1312.426052855813,213.95337588474965,0.9953369902447765,0.9906957241495303,2446.960080623759
491,1333,1333,1323.189305856682,215.12337923305867,0.9953622923125158,0.9907460929576262,2463.490356038066
499,1355,1355,1344.7158118584202,218.10492716198678,0.9954255456856366,0.9908720170035474,2504.5736321959716
503,1362,1362,1355.4790648592889,218.9502865092561,0.995443167190351,0.9909070991059571,2517.1070051720167
509,1381,1381,1371.6239443605934,221.58227334310652,0.9954971718745945,0.9910146192103161,2552.937949000872
521,1415,1415,1403.9137033632005,226.19190193913224,0.9955887335795707,0.9911969264305733,2616.5881243304434
523,1420,1420,1409.2953298636348,226.8522277650594,0.9956015456981673,0.9912224377965799,2625.862615523851
541,1495,1495,1481.2517074979803,237.5497219810243,0.9957992031327604,0.9916160529598407,2766.1500657434376
547,1510,1510,1497.6574565645017,239.5134051084534,0.9958335720876377,0.9916845032968241,2793.951998909551
557,1534,1534,1525.00037167537,242.62304014084677,0.995886862114391,0.991790642132048,2838.2891936353203
563,1553,1553,1541.4061207418913,245.21260566165327,0.9959302103600847,0.9918769839078825,2874.112348277146
569,1567,1567,1557.8118698084122,247.00969954768777,0.9959597598042527,0.9919358431493446,2899.9170638715473
571,1574,1574,1563.2804528305853,247.97597059363264,0.9959754714101646,0.9919671396506996,2913.194709758861
577,1619,1619,1603.7278685637739,254.6461412747817,0.9960806825750861,0.9921767261992495,2997.763947103456
587,1641,1641,1631.4874503413084,257.41076252692136,0.9961226947841325,0.9922604230640021,3038.060156022664
593,1658,1658,1648.1431994078296,259.6631983922453,0.9961562635583536,0.9923273014265401,3069.855735912351
599,1674,1674,1664.7989484743512,261.7562978961319,0.9961869408129062,0.9923884210461766,3099.6561888425763
601,1685,1685,1670.3508648298575,263.3390638475223,0.9962098152335064,0.9924339959675769,3120.938684374296
607,1697,1697,1687.0066138963784,264.8033667832584,0.9962307345513882,0.9924756764647985,3142.721012127567
613,1717,1717,1703.6623629628996,267.51361400262147,0.9962688505901875,0.9925516226562935,3180.5368925788107
617,1728,1728,1714.7661956739137,268.9548990914101,0.996288808058448,0.992591389062523,3201.07453626633
619,1731,1731,1720.3181120294207,269.28619345356105,0.9962933653492655,0.9926004698389651,3206.334916991638
631,1795,1795,1778.8696101624625,278.4108646727827,0.9964146289962279,0.9928421128776905,3326.571117373111
641,1820,1820,1807.0291919399979,281.6016872785761,0.996455182666071,0.9929229310620731,3372.864546509196
643,1823,1823,1812.6611082955048,281.9299718372663,0.99645930300198,0.9929311425391919,3378.1183240213472
647,1834,1834,1823.924941006519,283.35937487742603,0.9964771325083424,0.9929666756120485,3398.648805253375
653,1854,1854,1840.8206900730402,286.04149314612425,0.9965101075858172,0.9930323945206968,3436.4478278647443
659,1867,1867,1857.7164391395613,287.6412760573848,0.9965294837024725,0.9930710118883164,3460.227891905506
661,1878,1878,1863.3483554950676,289.20098394781354,0.9965481684192891,0.9931082519798398,3481.5072425532985
673,1912,1912,1897.1398536281104,293.62327658847744,0.9966000683568358,0.9932116962488498,3545.10518837281
677,1948,1948,1934.4421478775853,298.87975604046994,0.9966597639001885,0.9933306849775796,3612.1483293756914
683,1963,1963,1951.5686661748757,300.7740053792205,0.9966807654742581,0.9933725482663531,3639.915551633785
691,1988,1988,1974.4040239045964,304.06201971593725,0.9967165994595732,0.9934439796382554,3686.9527063895052
701,2015,2015,2002.9482210667466,307.5158450380608,0.9967534166299495,0.9935173735634778,3737.2507144146075
709,2039,2039,2025.7835787964673,310.6405970938946,0.9967860216662522,0.9935823729892341,3782.2969013186057
719,2062,2062,2054.3277759586176,313.4757465782764,0.99681504331395,0.993640230576992,3824.595426801142
727,2089,2089,2077.1631336883383,317.04709517141106,0.9968508634231575,0.9937116439074946,3875.6622473865573
733,2135,2135,2121.4378001337764,323.6248063142569,0.9969147711434815,0.9938390609240602,3961.844079842386
739,2152,2152,2138.786540653289,325.7990821542046,0.9969353293625205,0.9938800509311573,3993.611321309038
743,2163,2163,2150.352367666297,327.19701304801833,0.9969484029973542,0.993906118238975,4014.12264857226
751,2187,2187,2173.484021692313,330.29240542260385,0.9969769582950249,0.9939630553711998,4059.1514713538304
757,2207,2207,2190.832762211827,332.9128176609766,0.997000717440176,0.9940104305762257,4096.934973752813
761,2218,2218,2202.3985892248347,334.3063407372449,0.9970132009648573,0.9940353228981911,4117.45158568361
769,2239,2239,2225.5302432508506,336.94045879503864,0.9970365163957177,0.994081815026508,4156.480369021985
773,2249,2249,2237.09607026386,338.1812978927113,0.9970473738034921,0.9941034656084404,4174.995107046184
787,2321,2321,2305.6836076665313,348.068469394528,0.9971311251563254,0.9942704807555194,4310.117778177284
797,2346,2346,2334.955318056196,351.15267623585237,0.9971562868912239,0.9943206604866929,4356.372012264117
809,2381,2381,2370.081370523793,355.5961027942561,0.9971917711706205,0.9943914284903992,4421.900548970514
811,2390,2390,2375.935712601725,356.8086527280115,0.9972013010635936,0.9944104348429239,4439.16390590564
821,2421,2421,2405.2074229913887,360.7766429698729,0.9972320398229253,0.9944717412493924,4497.450014723017
823,2424,2424,2411.0617650693207,361.09277753897976,0.9972344598015145,0.9944765678156183,4502.698856263185
827,2435,2435,2422.770449225187,362.4696028754395,0.9972449501041405,0.9944974905082096,4523.211790624186
829,2443,2443,2428.624791303118,363.52975700255405,0.997252973552155,0.9945134932586154,4538.473500118513
839,2468,2468,2457.8965016927823,366.59577479194905,0.9972759169420097,0.9945592545125262,4584.7584428046275
853,2542,2542,2528.29068934176,376.66181201325935,0.997348619659912,0.9947042691375317,4723.717282410109
857,2553,2553,2540.1373045321093,378.02968366222586,0.9973582007942846,0.9947233806916125,4744.217253591487
859,2560,2560,2546.0606121272826,378.93540018359533,0.9973645067910548,0.9947359594065639,4757.4741622253105
863,2569,2569,2557.9072273176307,380.00627437668186,0.9973719239575872,0.9947507546988591,4773.972895177532
877,2614,2614,2599.3703804838483,385.74445550523126,0.9974109675195806,0.9948286381283459,4858.753531992635
881,2625,2625,2611.2169956741973,387.10775586980765,0.9974200736970008,0.9948468034137304,4879.261899396055
883,2633,2633,2617.140303269372,388.1577135304627,0.9974270433525431,0.9948607068109958,4894.520258270152
887,2642,2642,2628.9869184597214,389.2251527378066,0.9974340905542987,0.9948747649998808,4911.025096163081
907,2733,2733,2718.4533277447945,401.31319132007206,0.9975112825939622,0.9950287589022515,5081.64322050231
911,2744,2744,2730.4332762684767,402.66824075659247,0.997519647170602,0.9950454464913624,5102.139065575469
919,2768,2768,2754.3931733158392,405.669636354685,0.9975379757501772,0.9950820130637612,5147.136988113941
929,2799,2799,2784.343044625043,409.5632813249337,0.9975613532121663,0.9951286534224884,5205.394897200338
937,2826,2826,2808.302941672406,412.9958794579107,0.9975815973950418,0.9951690434612434,5256.405875415809
941,2835,2835,2820.2828901960884,414.0533873590303,0.9975877666303029,0.9951813521304356,5272.901653221853
947,2853,2853,2838.2528129816105,416.29585418745364,0.9976007450417875,0.9952072465079297,5306.66174506351
953,2872,2872,2856.2227357671322,418.68239548987657,0.9976144047652349,0.9952345005950939,5342.422466174574
967,2945,2945,2929.3461039871145,428.4135818812725,0.997668529072674,0.995342493902033,5479.15470281222
971,2956,2956,2941.4550847688615,429.75569909729984,0.9976758017350705,0.9953570053677158,5499.645597184895
977,2975,2975,2959.6185559414803,432.1309852663089,0.9976885623353111,0.9953824674146999,5535.387264679266
983,2990,2990,2977.7820271141,433.92390249762724,0.9976981018949912,0.9954015025248683,5563.123725488314
991,3021,3021,3001.9999886775913,437.90766888043197,0.9977190189932451,0.9954432408608435,5622.136885570742
997,3036,3036,3020.1634598502096,439.697260791468,0.9977282921577973,0.995461744972115,5649.873601756734
1009,3075,3075,3056.4904021954494,444.57520527465573,0.9977531896475116,0.9955114274517832,5723.380595599296
1013,3084,3084,3068.5993829771955,445.6214975825244,0.9977584591053331,0.9955219427162487,5739.875879397177
1019,3098,3098,3086.7628541498148,447.2627655970203,0.9977666754345753,0.9955383386077652,5765.621056412877
1021,3109,3109,3092.817344540688,448.7238262377788,0.9977739391185702,0.9955528335841882,5786.881959694879
1031,3170,3170,3155.3085464950523,456.8852729089468,0.9978136602543762,0.9956321005902357,5900.985575337515
1033,3177,3177,3161.4255368859262,457.7663056387585,0.9978178635643686,0.995640488848161,5914.2301799311535
1039,3194,3194,3179.776508058544,459.8320711839712,0.9978276560141818,0.9956600311067563,5945.964130581763
1049,3222,3222,3210.3614600129094,463.2243694247749,0.9978435474217193,0.9956917451311611,5998.18672953852
1051,3233,3233,3216.478450403783,464.6785801936278,0.9978502887771307,0.9957051988126031,6019.443907017979
1061,3263,3263,3247.063402358148,468.3530057024419,0.9978671361634877,0.9957388214351205,6075.680585292153
1063,3268,3268,3253.180392749022,468.9439179461238,0.9978698209024983,0.9957441794679841,6084.92492614207
1069,3287,3287,3271.5313639216392,471.2896894424629,0.9978804122947308,0.9957653172415019,6120.667731986438
1087,3341,3341,3326.5842774394973,477.8880657639517,0.9979096476123607,0.9958236647978259,6221.907272520993
1091,3387,3387,3371.878864281849,484.21338654293044,0.9979369258768026,0.9958781080284431,6308.1690577562795
1093,3398,3398,3378.0564607333285,485.6588092143637,0.9979430596996293,0.9958903504026577,6329.420603122132
1097,3405,3405,3390.4116536362867,486.4053309627333,0.9979462133919174,0.9958966448232663,6341.8944069374975
1103,3423,3423,3408.944442990725,488.5959298221538,0.9979554120361513,0.9959150044122446,6375.62564215655
1109,3443,3443,3427.4772323451616,491.0704488854371,0.9979657042911085,0.9959355469412482,6413.357252121083
1117,3467,3467,3452.187618151078,493.9871069307834,0.9979777032710624,0.9959594962261846,6458.330877612241
1123,3490,3490,3470.720407505514,496.8849333369476,0.9979894854150395,0.9959830129989753,6502.079745866132
1129,3507,3507,3489.253196859952,498.926776483294,0.9979977051438694,0.9959994194724298,6533.810110604939
1151,3571,3571,3557.206757826222,506.6407817229116,0.9980281615841057,0.9960602113149497,6653.51561625155
1153,3582,3582,3563.3843542777026,508.0762766465082,0.9980337272432545,0.9960713207150628,6674.771550051694
1163,3646,3646,3628.478218888038,516.5214505470847,0.9980658448756939,0.9961354307074327,6794.647521867481
1171,3672,3672,3653.4238988116017,519.700104016202,0.9980776634144534,0.9961590222068549,6843.611704121649
1181,3702,3702,3684.6059987160565,523.31620980921,0.9980909340389391,0.996185512610722,6899.821580571198
1187,3716,3716,3703.3152586587294,524.9192269704811,0.9980967584615857,0.9961971392515251,6925.541067153819
1193,3739,3739,3722.024518601401,527.7922778324661,0.9981071089942226,0.9962178010248051,6969.279873449663
1201,3769,3769,3746.9701985249644,531.5255862179947,0.9981203917044271,0.996244316336199,7026.263784495898
1213,3800,3800,3784.3887184103105,535.1470568219593,0.9981330995913269,0.9962696844997897,7083.714817864239
1217,3812,3812,3796.861558372092,536.5882152873012,0.9981381090063403,0.9962796846507527,7106.207200241535
1223,3831,3831,3815.570818314764,538.8896491379013,0.9981460532012324,0.9962955435211973,7141.947778381089
1229,3885,3885,3869.3943639717227,546.1096385984018,0.998170541369525,0.9963444296579306,7243.230991364275
1231,3892,3892,3875.687926809756,546.9686008791783,0.9981734117352037,0.9963501598950963,7256.470838760283
1237,3912,3912,3894.5686153238566,549.4039129310069,0.9981815009847068,0.9963663089080822,7294.187273794456
1249,3952,3952,3932.3299923520594,554.27004190583,0.9981974518206582,0.9963981528212553,7369.635062636144
1259,3976,3976,3963.7978065422276,557.0130735615695,0.9982063205706302,0.9964158584271557,7413.8293832588815
1277,4039,4039,4020.43987208453,564.7159078190033,0.9982307650490972,0.996464660290506,7533.017377854294
1279,4044,4044,4026.7334349225653,565.2912986470966,0.9982325643009325,0.9964682524308154,7542.2566302795785
1283,4056,4056,4039.3205605986336,566.7213537940618,0.9982370202848069,0.9964771486670899,7564.741056611254
1289,4075,4075,4058.201249112734,569.0051776437779,0.9982440901644186,0.996491263548188,7600.47024076655
1291,4082,4082,4064.4948119507667,569.8592435407705,0.998246719493137,0.9964965129788098,7613.714065000204
1297,4140,4140,4119.403278242647,577.5823398115208,0.998270143054806,0.9965432785146627,7722.9080378751605
1301,4152,4152,4132.101515029825,579.0077495196622,0.9982743979653893,0.9965517736331604,7745.382679971019
1303,4159,4159,4138.450633423415,579.8597050799782,0.9982769311107929,0.9965568311879827,7758.62127186238
1307,4168,4168,4151.148870210593,580.8662776125439,0.9982799144158542,0.9965627875261251,7775.089668491351
1319,4201,4201,4189.243580572129,584.7205068908993,0.9982912427970378,0.9965854054452544,7836.5092865630195
1321,4216,4216,4195.592698965718,586.6845726082653,0.9982969583930721,0.996596817136859,7865.7626284184935
1327,4233,4233,4214.640054146486,588.6790031687356,0.9983027233585116,0.9966083274650209,7897.479512669085
1361,4341,4341,4322.575066837504,601.5819065898824,0.9983390967923459,0.9966809521841571,8100.565205595504
1367,4358,4358,4341.622422018271,603.5698564296673,0.9983445627011609,0.9966918658749722,8132.291063748591
1373,4416,4416,4397.777885307149,611.2319344317596,0.9983652974107703,0.9967332670740958,8241.361744521755
1381,4446,4446,4423.390575097721,614.8898648238292,0.9983750142195483,0.9967526690178833,8298.312534672481
1399,4495,4495,4481.019127126511,620.5552493274283,0.9983898376434996,0.9967822679098135,8389.430595427844
1409,4534,4534,4513.034989364727,625.3244963920009,0.9984021082702522,0.9968067697984845,8463.637007108848
1423,4574,4574,4557.85719649823,629.9822000696422,0.9984139127320586,0.9968303411369386,8538.29475877073
1427,4586,4586,4570.663541393515,631.3908691360068,0.9984174485817523,0.996837401632496,8560.77496269293
1429,4597,4597,4577.066713841161,632.783308864741,0.9984209282353589,0.9968443499383557,8582.021771820937
1433,4610,4610,4589.873058736449,634.3287059372083,0.9984247722516232,0.9968520258457056,8606.499738160766
1439,4620,4620,4609.082576079378,635.3394178621695,0.9984272761869997,0.9968570258341914,8624.206493720005
1447,4691,4691,4672.774213238371,644.6118335140675,0.9984498814815433,0.996902165830508,8758.42339539561
1451,4704,4704,4685.685821291553,646.1531136501628,0.9984535761454615,0.9969095437176609,8782.892720488673
1453,4712,4712,4692.141625318144,647.1295736434821,0.9984559077567513,0.9969141997343582,8798.12910010272
1459,4732,4732,4711.509037397916,649.5087154865661,0.9984615593932978,0.9969254855860961,8835.835348904055
1471,4769,4769,4750.24386155746,653.852158765739,0.9984717712139687,0.9969458779111599,8905.242804411815
1481,4801,4801,4782.522881690413,657.6286388762502,0.9984805405077574,0.9969633897726632,8965.425514754428
1483,4808,4808,4788.978685717004,658.4657602874853,0.9984824707621985,0.9969672444193847,8978.665000973057
1487,4821,4821,4801.890293770185,660.0026662049122,0.9984860018588795,0.9969742959081302,9003.13891876215
1489,4830,4830,4808.346097796776,661.1131308829039,0.9984885429825942,0.9969793704675038,9020.378374951204
1493,4838,4838,4821.257705849959,661.9650639015167,0.9984904867223016,0.9969832520749387,9034.84357953973
1499,4857,4857,4840.625117929729,664.2002689293494,0.9984955628002712,0.9969933889318303,9070.554443582156
1511,4893,4893,4879.359942089273,668.3945056437458,0.9985049962211228,0.9970122274785443,9137.977786384236
1523,4978,4978,4957.146048300101,679.2716864848956,0.9985289181067571,0.9970600002954509,9298.569351371605
1531,5004,5004,4983.174392611592,682.3317160493882,0.9985355105838856,0.9970731658970211,9347.497767524334
1543,5043,5043,5022.21690907883,686.9183534847252,0.9985452820419298,0.9970926802881972,9420.901009132462
1549,5061,5061,5041.738167312447,689.0059391131313,0.9985496864234775,0.9971014762564253,9454.59856592762
1553,5073,5073,5054.752339468191,690.3972216034383,0.9985526069666718,0.9971073088799365,9477.06737992571
1559,5088,5088,5074.273597701807,692.0754224301388,0.9985561141880667,0.9971143131823712,9504.767813997054
1567,5121,5121,5100.301942013302,696.07950384943,0.9985644139360861,0.997130888779519,9567.719691808295
1571,5133,5133,5113.316114169047,697.468927415061,0.9985672717086108,0.9971365961275785,9590.188072479401
1579,5156,5156,5139.344458480538,700.1109491214421,0.9985726745615934,0.9971473863810939,9633.124090738716
1583,5167,5167,5152.358630636283,701.3636423240364,0.9985752220653543,0.9971524741228716,9653.594289701208
1597,5219,5219,5197.908233181393,707.5763813909384,0.9985877232175042,0.9971774409607188,9752.261548912029
1601,5275,5275,5250.947405337137,714.9262230301615,0.9986022320612771,0.9972064178777648,9857.792632022214
1607,5289,5289,5270.618663570756,716.4604303535872,0.9986052231121364,0.9972123916268396,9883.47590501881
1609,5296,5296,5277.175749648629,717.2878142555206,0.9986068308512857,0.9972156026228483,9896.706290649521
1613,5310,5310,5290.289921804375,718.942196888685,0.9986100344917044,0.9972220009875231,9923.172493353826
1619,5326,5326,5309.961180037992,720.7461811531326,0.9986135110787081,0.9972289445089452,9952.863670447323
1621,5340,5340,5316.518266115866,722.5200341066718,0.9986169126811066,0.9972357382927449,9980.105968727037
1627,5355,5355,5336.189524349485,724.1875707169248,0.9986200952222445,0.9972420945816847,10007.796840217965
1637,5386,5386,5368.974954738847,727.7768051599298,0.9986268959334019,0.9972556772815816,10065.962254881118
1657,5458,5458,5434.545815517576,736.2975520560029,0.9986427752866437,0.99728739263221,10202.30969159391
1663,5471,5471,5454.217073751191,737.6915856370063,0.9986453383289275,0.9972925117660982,10226.00226012498
1667,5488,5488,5467.33124590694,739.7441826001358,0.9986490946213101,0.9973000141879624,10258.479167493771
1669,5493,5493,5473.888331984814,740.2984989869284,0.9986501054613182,0.9973020331379019,10267.710048599514
1693,5614,5614,5593.866047846114,755.1527626003657,0.9986766410400959,0.9973550333591287,10495.458451514074
1697,5627,5627,5607.077780977469,756.6612344440413,0.9986792775315826,0.9973602993710037,10519.918470869816
1699,5630,5630,5613.683647543146,756.9447541779612,0.9986797718920911,0.9973612867864392,10525.144255936413
1709,5664,5664,5646.712980371536,760.9156244992114,0.9986866570319934,0.9973750389337385,10589.302824369975
1721,5707,5707,5686.3481797655995,765.9723286425623,0.9986953216434706,0.9973923454725553,10670.699313081628
1723,5714,5714,5692.954046331279,766.7923118174591,0.998696715915225,0.9973951303798556,10683.932397468736
1733,5745,5745,5725.983379159663,770.3541144107168,0.9987027378579504,0.997407158604966,10742.090454071702
1741,5775,5775,5752.406845422378,773.8989089182411,0.9987086760461126,0.9974190196097791,10799.027298738203
1747,5791,5791,5772.224445119411,775.6854233732383,0.9987116482331708,0.9974249563166168,10828.719654805507
1753,5814,5814,5792.042044816443,778.4087164608558,0.998716152687185,0.9974339536382927,10872.425380947596
1759,5828,5828,5811.859644513476,779.9263190578224,0.9987186492322583,0.9974389403243065,10898.119407659526
1777,5936,5936,5913.6219674140975,793.2984638829569,0.9987402345643575,0.9974820561376678,11102.054590609707
1783,5955,5955,5933.582424253987,795.4793138629885,0.9987436861097091,0.9974889505440092,11137.740810635663
1787,5968,5968,5946.889395480582,796.9773070350782,0.998746045987688,0.997493664376041,11162.200992799751
1789,5973,5973,5953.54288109388,797.5258849959964,0.998746907978969,0.9974953861975513,11171.426860424383
1801,6019,6019,5993.463794773657,802.9511521583256,0.9987553694233419,0.997512287951956,11258.818894174476
1811,6048,6048,6026.7312228401415,806.2243013779752,0.9987604193028947,0.9975223751660941,11312.966776169096
1823,6084,6084,6066.652136519918,810.3098719393594,0.9987666653949706,0.9975348519041892,11380.349075357384
1831,6115,6115,6093.26607897311,813.963969766404,0.9987721987571961,0.9975459050102841,11439.281365034289
1847,6163,6163,6146.493963879483,819.4042608256727,0.9987803455552795,0.9975621786675236,11529.134704195056
1861,6260,6260,6236.347432939998,831.4661586767752,0.9987980281780651,0.997597501092391,11712.494534342955
1867,6276,6276,6256.447424663612,833.2350711245012,0.9988005783675443,0.9976025953473411,11742.17265079582
1871,6288,6288,6269.847419146022,834.5911124131823,0.9988025260171391,0.997606485978218,11764.628319846692
1873,6302,6302,6276.547416387223,836.3307045303118,0.9988050153089315,0.9976114586062749,11791.866051059282
1877,6312,6312,6289.9474108696295,837.4207083000041,0.9988065697967194,0.997614563869089,11810.318502981605
1879,6315,6315,6296.647408110835,837.7003633339732,0.9988069679696377,0.9976153592647009,11815.54232000681
1889,6348,6348,6330.14739431685,841.4854035153816,0.9988123310948045,0.9976260727470374,11877.690144149043
1901,6393,6393,6370.347377764072,846.7397880966923,0.9988196967400634,0.9976407865959124,11963.073571999337
1907,6410,6410,6390.447369487686,848.6372005594593,0.9988223341484764,0.9976460551938108,11994.75827982185
1913,6430,6430,6410.5473612112955,850.931157685118,0.9988255070583764,0.9976523935504226,12032.447653867152
1931,6489,6489,6470.847336382126,857.6760899707164,0.9988347381167247,0.997670834068706,12143.525445448313
1933,6500,6500,6477.547333623333,859.0124670937504,0.9988365498751702,0.9976744533665334,12164.762125095636
1949,6594,6594,6575.4427660984165,870.4868101022281,0.9988518771139936,0.9977050724141486,12341.230273814599
1951,6605,6605,6582.188217885074,871.8208997373783,0.998853633002803,0.9977085801628984,12362.463181906256
1973,6675,6675,6656.388187538313,879.7583800875889,0.998863970039919,0.9977292306439082,12493.95747536424
1979,6695,6695,6676.624542898291,882.0413675396906,0.9988669087594888,0.9977351014147369,12531.645330324687
1987,6725,6725,6703.60635004492,885.523097302435,0.9988713613710156,0.9977439965671859,12588.560850983788
1993,6746,6746,6723.842705404895,887.9357763727998,0.9988744263558961,0.9977501196278206,12628.244375191283
1997,6756,6756,6737.333608978213,889.0173980274944,0.9988757950132976,0.9977528538634474,12646.69857580204
1999,6763,6763,6744.0790607648705,889.8213150244441,0.998876810115701,0.9977548817869181,12659.928963426835
2003,6782,6782,6757.569964338187,892.086552729465,0.9988796605860947,0.9977605763325917,12696.394083237365
2011,6805,6805,6784.551771484819,894.6428378273007,0.9988828599708524,0.9977669679435494,12739.30418492675
2017,6833,6833,6804.7881268447945,897.9722511615352,0.9988869996870589,0.9977752381438144,12793.00602880619
2027,6906,6906,6883.55983022253,906.9762136318449,0.9988980428536528,0.997797300016858,12929.700181442344
2029,6914,6914,6890.34972645363,907.9092757064781,0.9988991747159539,0.9977995612482138,12944.926342855499
2039,6941,6941,6924.299207609147,910.8667155685362,0.9989027469595587,0.9978066978833522,12995.043545668515
2053,6997,6997,6971.828481226864,917.3918088497629,0.9989105470912849,0.9978222810902102,13101.63584259639
2063,7024,7024,7005.77796238238,920.3454974867626,0.9989140416015494,0.997829262508742,13151.758104686134
2069,7045,7045,7026.147651075685,922.745968420085,0.9989168651297843,0.9978349034407156,13191.441912333106
2081,7095,7095,7066.887028462301,928.591530356684,0.9989236798843432,0.9978485182336778,13286.81631153218
2083,7098,7098,7073.676924693405,928.8673876351849,0.9989239993604562,0.9978491564982886,13292.038445469736
2087,7106,7106,7087.256717155609,929.6808910791783,0.9989249403925345,0.9978510365382287,13306.486094712141
2089,7117,7117,7094.046613386712,931.0033555091389,0.9989264666648867,0.997854085803595,13327.717889687334
2099,7143,7143,7127.996094542225,933.821152565796,0.9989297043080512,0.9978605541489706,13375.847968895969
2111,7189,7189,7168.73547192884,939.1349318436727,0.9989357569927683,0.997872646598715,13463.227969893258
2113,7202,7202,7175.525368159944,940.7168130766534,0.9989375456409307,0.9978762200911266,13488.46443087758
2129,7299,7299,7276.127146704417,952.4483518522899,0.9989506252817978,0.9979023517508949,13670.71534592479
2131,7306,7306,7282.960521196389,953.2449862591227,0.9989515017926732,0.9979041029338372,13683.938642261544
2137,7327,7327,7303.460644672306,955.6343766501545,0.9989541220008209,0.997909337862431,13723.612356536803
2141,7336,7336,7317.127393656251,956.5749041393971,0.9989551497958504,0.99791139130365,13740.057805028448
2143,7347,7347,7323.960768148223,957.8926211545543,0.9989565863852103,0.9979142614823922,13761.288003204052
2153,7379,7379,7358.127640608084,961.4811425499857,0.9989604786771058,0.9979220379587924,13821.411104682658
2161,7415,7415,7385.461138575972,965.7052404025868,0.9989650233005646,0.9979311177778976,13890.325466744056
2179,7471,7471,7446.9615090037205,971.9484900388717,0.9989716679885097,0.9979443934437452,13995.353326593286
2203,7549,7549,7528.9620029073885,980.6984225410587,0.9989808382377863,0.99796271516627,14142.070916030314
2207,7563,7563,7542.628751891334,982.2856853887786,0.9989824842500812,0.9979660038384636,14168.529329343122
2213,7637,7637,7610.21398175023,991.5472009756468,0.9989919835323369,0.9979849831618729,14308.569759744594
2221,7662,7662,7637.717692484073,994.3272186631613,0.9989948004065478,0.9979906112393181,14355.456650093976
2237,7714,7714,7692.725113951767,1000.1437902487417,0.9990006434592636,0.9980022856320229,14453.241062797128
2239,7717,7717,7699.60104163523,1000.4168360358839,0.9990009160793636,0.9980028303274077,14458.460773034421
2243,7736,7736,7713.352897002151,1002.6479529979458,0.9990031381570794,0.9980072700476926,14494.916776337828
2251,7767,7767,7740.856607735998,1006.2014968111541,0.9990066569674335,0.9980143006652474,14553.816461137108
2267,7816,7816,7795.864029203689,1011.6211336076251,0.9990119760516747,0.9980249282946718,14645.608803476636
2269,7830,7830,7802.7399568871515,1013.3174915128646,0.999013629250576,0.9980282314284072,14672.841587509136
2273,7839,7839,7816.491812254077,1014.2510325794323,0.9990145366824708,0.9980300445028918,14689.285904123146
2281,7873,7873,7843.995522987923,1018.1872817596862,0.9990183445522858,0.9980376527519895,14754.196187864429
2287,7885,7885,7864.6233060383065,1019.3928739219206,0.9990195049446703,0.9980399712598941,14775.861609784883
2293,7906,7906,7885.251089088691,1021.7617042492966,0.9990217769910964,0.9980445109024481,14815.538177133336
2297,7923,7923,7899.002944455615,1023.7281656661052,0.9990236551248585,0.9980482634990321,14847.99695088856
2309,8008,8008,7988.362677223047,1034.0148255009997,0.9990333633724268,0.9980676611312232,15007.602784666782
2311,8023,8023,7995.280271573177,1035.8358656235457,0.999035061937407,0.9980710549802787,15036.833744469168
2333,8095,8095,8071.373809424592,1043.8547598939426,0.999042471043403,0.9980858589485089,15172.272089952958
2339,8110,8110,8092.126592474977,1045.442758404229,0.9990439248077821,0.9980887636953374,15199.935443988821
2341,8127,8127,8099.044186825102,1047.518778878722,0.9990458186969112,0.9980925478557817,15233.169487841882
2347,8144,8144,8119.796969875486,1049.3637516302615,0.9990474955223421,0.9980958983094641,15264.836724169827
2351,8155,8155,8133.632158575745,1050.5506081993963,0.9990485710994996,0.9980980474159521,15285.282493962008
2357,8181,8181,8154.384941626128,1053.5540678586212,0.9990512821348999,0.9981034643353873,15334.95865665223
2371,8226,8226,8202.808102077028,1058.5418847754322,0.9990557503531824,0.9981123923137603,15419.51834364938
2377,8250,8250,8223.560885127414,1061.2851023603225,0.9990581899069548,0.998117266820161,15465.195763590817
2381,8267,8267,8237.396073827667,1063.2420203760764,0.9990599225120708,0.9981207287698248,15497.650378037324
2383,8270,8270,8244.313668177796,1063.5130129376018,0.9990601619395645,0.9981212071747088,15502.870075720028
2389,8288,8288,8265.06645122818,1065.4832332977426,0.9990618990098598,0.9981246780531873,15536.538853484215
2393,8299,8299,8278.901639928437,1066.6679570488393,0.9990629404488889,0.9981267589783802,15556.986876631312
2399,8319,8319,8299.654422978821,1068.8945157000671,0.9990648914760496,0.9981306573800508,15594.663176123217
2411,8413,8413,8390.364070712243,1080.279844428203,0.9990747422485897,0.998150340599086,15772.16167862398
2417,8436,8436,8411.23930274222,1082.887575538463,0.9990769693583836,0.9981547907023327,15815.825886758454
2423,8457,8457,8432.114534772198,1085.2378531489187,0.9990789674262757,0.9981587831535532,15855.490778873878
2437,8506,8506,8480.823409508808,1090.7193505116225,0.9990835940276208,0.9981680278551478,15948.04081634532
2441,8518,8518,8494.740230862128,1092.0284516014453,0.9990846920932023,0.9981702219749687,15970.484033165487
2447,8535,8535,8515.615462892103,1093.863614828045,0.9990862269936271,0.9981732889683615,16002.148423669712
2459,8579,8579,8557.365926952058,1098.813828430865,0.9990903417157596,0.9981815109097134,16085.486528297826
2467,8612,8612,8585.199569658693,1102.5818328409161,0.9990934490064919,0.9981877198476875,16148.381356451477
2473,8630,8630,8606.07480168867,1104.5428330988543,0.9990950577644837,0.9981909344494171,16182.04568762358
2477,8641,8641,8619.991623041984,1105.7219900622154,0.999096022370867,0.998192861917288,16202.490698989563
2503,8787,8787,8760.510961838552,1122.9040972838634,0.9991098484184298,0.9982204892066976,16478.471206025788
2521,8856,8856,8823.496657928477,1130.686334300846,0.9991159724047906,0.9982327263143701,16609.457627196884
2531,8884,8884,8858.488711311775,1133.6882091411162,0.99911831217506,0.9982374017235405,16661.551766211986
2539,8909,8909,8886.482354018412,1136.4208085233097,0.9991204313193982,0.9982416362798604,16708.43173007746
2543,8922,8922,8900.479175371729,1137.8505907225492,0.9991215360682258,0.9982438438353313,16732.87399426446
2549,8945,8945,8921.474407401705,1140.4410936751428,0.9991235306174009,0.9982478294333804,16776.540672463867
2551,8956,8956,8928.472818078368,1141.729368310557,0.9991245191518943,0.998249804770504,16797.766870341224
2557,8978,8978,8949.46805010834,1144.1913019887122,0.9991264020835686,0.9982535673404569,16839.431850942776
2579,9048,9048,9026.450567551583,1151.8547615567131,0.9991322117367163,0.9982651765299024,16970.86495999511
2591,9090,9090,9068.441031611539,1156.5180981316,0.999135709338222,0.9982721656747922,17050.200616828217
2593,9104,9104,9075.439442288203,1158.1856137914197,0.9991369531769448,0.9982746512037085,17077.43050541541
2609,9207,9207,9182.583590446566,1170.373081225401,0.9991459365193176,0.9982926024630643,17271.167131600116
2617,9233,9233,9210.734095898299,1173.22154132232,0.999148009213193,0.9982967443146868,17320.039025408318
2621,9248,9248,9224.80934862417,1174.8995511821881,0.9991492255219508,0.9982991748611142,17348.477352866816
2633,9293,9293,9267.035106801766,1179.9317653058456,0.9991528523972661,0.9983064224535931,17433.799129411917
2647,9344,9344,9316.298491342302,1185.6089302642347,0.9991569071649107,0.9983145251353499,17530.341548376553
2657,9377,9377,9351.486623156967,1189.2271348356676,0.9991594711830799,0.9983196488548518,17592.441951000503
2659,9380,9380,9358.5242495199,1189.4940952798433,0.9991596597452927,0.9983200256623291,17597.65842367458
2663,9395,9395,9372.599502245772,1191.1692074301177,0.9991608409992824,0.9983223861863932,17626.100878145244
2671,9428,9428,9400.750007697508,1194.8987587342656,0.9991634591098976,0.998327618020456,17688.989167034197
2677,9447,9447,9421.862886786304,1196.9664114406523,0.9991649035561196,0.99833050449831,17724.646929536906
2683,9466,9466,9442.9757658751,1199.0336517724013,0.9991663427361267,0.9983333804566871,17760.308404042717
2687,9477,9477,9457.051018600967,1200.2005108216094,0.9991671528968629,0.998334999428023,17780.749863001725
2689,9492,9492,9464.088644963902,1201.9869016307389,0.9991683901579397,0.9983374718908087,17809.979289548297
2693,9502,9502,9478.163897689768,1203.026771884264,0.9991691086847376,0.998338907749853,17828.418059127227
2699,9519,9519,9499.27677677857,1204.839618153731,0.9991703583558058,0.9983414050168694,17860.081972466098
2707,9610,9610,9579.484974537998,1215.9021852657118,0.9991779035291373,0.998356482900882,18032.85214015693
2711,9620,9620,9593.637150340783,1216.940081786861,0.9991786043857822,0.9983578834623195,18051.28290684439
2713,9627,9627,9600.713238242188,1217.7119889387009,0.9991791248543735,0.9983589235447519,18064.498845094968
2719,9646,9646,9621.94150194636,1219.7744413169312,0.9991805122600662,0.9983616960802885,18100.150001023572
2729,9680,9680,9657.321941453341,1223.5058960740723,0.9991830105168921,0.9983666885055996,18164.242006373363
2731,9695,9695,9664.398029354737,1225.2883663019131,0.999184198535402,0.9983690626028335,18193.46811250754
2741,9727,9727,9699.778468861708,1228.7650376444628,0.9991865058272982,0.9983736734273654,18253.557766841197
2749,9750,9750,9728.082820467287,1231.2172305468346,0.9991881253909184,0.9983769099222176,18296.428498130415
2753,9766,9766,9742.234996270075,1233.0112947116186,0.9991893062110607,0.998379269646541,18326.86996693636
2767,9815,9815,9791.767611579844,1238.4047057400237,0.9991928354609906,0.9983863224365743,18419.405314910164
2777,9855,9855,9827.148051086822,1242.8859617482708,0.9991957445420487,0.998392135910939,18495.510365102436
2789,9893,9893,9869.604578495184,1247.000293772814,0.9991983970252969,0.9983974366179229,18566.826119273872
2791,9904,9904,9876.680666396582,1248.2740390731806,0.9991992146575351,0.9983990705722349,18588.049770465783
2797,9923,9923,9897.908930100768,1250.330334363355,0.9992005311038246,0.9984017013581652,18623.708094527065
2801,9940,9940,9912.061105903562,1252.2468989164452,0.9992017542029088,0.9984041456021702,18656.15314915167
2803,9943,9943,9919.13719380495,1252.5122123614099,0.999201923223863,0.9984044833742668,18661.36980587853
2819,10054,10054,10028.934576261392,1265.5873606475047,0.9992101651283515,0.9984209540958274,18870.903387120394
2833,10104,10104,10078.731342514551,1271.0886521076563,0.9992135822014576,0.9984277828558691,18965.420548076287
2837,10118,10118,10092.95899001545,1272.6239735115885,0.9992145305803896,0.9984296781229882,18991.856121726592
2843,10139,10139,10114.30046126681,1274.9265314180527,0.9992159486069024,0.998432511950392,19031.51028217573
2851,10171,10171,10142.755756268618,1278.4986202905907,0.999218138367647,0.998436888042906,19092.385147596317
2857,10195,10195,10164.097227519971,1281.1768637003984,0.999219772176925,0.9984401531093059,19138.043287234304
2861,10208,10208,10178.324875020877,1282.585033159161,0.9992206284669226,0.9984418643538318,19162.479847708004
2879,10260,10260,10242.349288774938,1288.1035255697889,0.9992239661540949,0.9984485345367198,19259.434083577173
2887,10299,10299,10270.804583776744,1292.5495314525735,0.9992266344592259,0.9984538670127114,19334.321093965547
2897,10328,10328,10306.373702528997,1295.6268457809006,0.9992284706133268,0.9984575364842481,19388.409068806686
2903,10350,10350,10327.715173780354,1298.049795785768,0.9992299102015136,0.9984604134413251,19430.06959226533
2909,10372,10372,10349.05664503171,1300.4721852454957,0.9992313440962949,0.9984632790244881,19471.729302286705
2917,10462,10462,10431.530458552037,1311.3051170244694,0.9992376916825697,0.9984759644791102,19642.302120869328
2927,10498,10498,10467.284762489477,1315.2531690708759,0.999239979066475,0.9984805357647694,19710.38356998862
2939,10530,10530,10510.189927214402,1318.5864253042719,0.9992418995958827,0.9984843739079882,19769.668826102836
2953,10589,10589,10560.245952726826,1325.1859229579152,0.9992456735526515,0.9984919161136921,19882.19371748971
2957,10597,10597,10574.547674301803,1325.962478487064,0.9992461151605578,0.9984927986634669,19896.621155833127
2963,10620,10620,10596.000256664274,1328.503427344761,0.9992475565282783,0.9984956792277347,19940.275946719128
2969,10643,10643,10617.452839026735,1331.0437705032598,0.9992489920533342,0.9984985481196044,19983.931847061718
2971,10658,10658,10624.603699814226,1332.8074674713157,0.9992499854853418,0.9985005334924559,20013.15675960217
2999,10746,10746,10724.71575083906,1342.237587309317,0.9992552528779909,0.9985110604042575,20178.19381840844
3001,10761,10761,10731.866611626558,1343.99925858703,0.9992562287055969,0.9985130106069323,20207.418360424534
3011,10796,10796,10767.620915563994,1347.810598854001,0.9992583311627206,0.9985172123981053,20273.51158050838
3019,10821,10821,10796.22435871395,1350.484325399927,0.999259798995796,0.9985201458891185,20320.38182120929
3023,10830,10830,10810.526080288928,1351.384233857473,0.999260291725178,0.9985211306186879,20336.816284563698
3037,10943,10943,10915.800287619526,1364.6977337577353,0.9992675054092577,0.9985355473668408,20550.92509527216
3041,10960,10960,10930.174736467237,1366.593477461318,0.9992685211568325,0.998537577374963,20583.359354325312
3049,10987,10987,10958.923634162638,1369.5114460966545,0.9992700791234743,0.9985406910314346,20634.216580867233
3061,11035,11035,11002.046980705756,1374.821430063346,0.9992728972776339,0.9985463232336368,20725.51593374169
3067,11048,11048,11023.608653977311,1376.1053370992927,0.9992735754184153,0.9985476785295033,20749.156035141765
3079,11093,11093,11066.732000520422,1381.038673031406,0.9992761694074557,0.9985528627456379,20834.46002125403
3083,11114,11114,11081.10644936813,1383.4294922748368,0.9992774198670842,0.9985553618562168,20874.900893183658
3089,11130,11130,11102.668122639687,1385.0859014978892,0.9992782836809345,0.9985570882363142,20904.543472636124
3109,11205,11205,11174.54036687821,1393.30034865027,0.9992825371596034,0.998565589072134,21046.714721090575
3119,11230,11230,11210.47648899747,1395.8516230377234,0.9992838480360199,0.9985682089456753,21092.79324920822
3121,11249,11249,11217.66371342132,1398.1018627394,0.9992850002677502,0.9985705117601176,21130.021498150407
3137,11365,11365,11331.179365954993,1411.6219911103783,0.999291845913816,0.9985841933098419,21349.26378303839
3163,11453,11453,11425.077569179362,1421.09535430495,0.9992965649784081,0.9985936247776458,21515.046002360785
3167,11462,11462,11439.52344659849,1421.9890892945837,0.999297006939225,0.9985945080776935,21531.47062646384
3169,11479,11479,11446.746385308055,1423.9866004337273,0.9992979927234041,0.9985964782610247,21564.694150970892
3181,11519,11519,11490.084017565456,1428.2790006551095,0.9993001017241254,0.9986006933058476,21639.979298374903
3187,11539,11539,11511.752833694152,1430.4246399299968,0.9993011512057437,0.9986027908011247,21677.626439235908
3191,11549,11549,11526.198711113291,1431.4417086275573,0.9993016475787252,0.9986037828535547,21696.055175350346
3203,11600,11600,11569.536343370692,1437.0943271564533,0.9993043934990745,0.9986092708665532,21793.35877626719
3209,11616,11616,11591.205159499386,1438.7429474969902,0.9993051903005709,0.99861086336166,21822.998913649128
3217,11648,11648,11620.096914337655,1442.2616416800984,0.9993068848442715,0.9986142500971623,21883.86448348979
3221,11663,11663,11634.542791756783,1443.8967887231152,0.9993076694936945,0.998615818308919,21912.299188920195
3229,11688,11688,11663.434546595056,1446.5475845340534,0.9993089377496104,0.9986183530662547,21959.16040913782
3251,11832,11832,11799.921960119578,1463.1399433746221,0.9993167718839505,0.9986340105685595,22231.95606253853
3253,11837,11837,11807.179986548448,1463.6469287980417,0.999317008463123,0.9986344834036853,22241.166026842497
3257,11852,11852,11821.696039406173,1465.2790304784276,0.9993177689539782,0.9986360033471565,22269.5937716416
3259,11857,11857,11828.954065835042,1465.7859429384882,0.9993180048093327,0.9986364747361056,22278.80444800541
3271,11902,11902,11872.502224408225,1470.6807229615163,0.9993202738821431,0.9986410097918814,22364.087349542504
3299,11997,11997,11974.114594412335,1480.859790697798,0.9993249445757258,0.9986503448512775,22543.081603048737
3301,12014,12014,11981.372620841206,1482.8472687878138,0.9993258490556084,0.9986521525907127,22576.30499123009
3307,12034,12034,12003.146700127794,1484.982956287916,0.9993268182862752,0.9986540897461702,22613.948401253612
3313,12057,12057,12024.920779414388,1487.4884048297383,0.9993279517776454,0.9986563552041041,22657.593449278953
3319,12075,12075,12046.694858700981,1489.3766167037707,0.9993288035054488,0.998658057515632,22691.236086017834
3323,12089,12089,12061.210911558712,1490.8819413499655,0.9993294809768074,0.9986594115493752,22717.665506585556
3329,12109,12109,12082.984990845305,1493.0162919038194,0.9993304392003963,0.9986613267124571,22755.30945520103
3331,12120,12120,12090.243017274168,1494.2619162183908,0.9993309971629326,0.9986624418906611,22776.527352465913
3343,12158,12158,12133.791175847358,1498.282627781003,0.9993327918643072,0.9986660288953109,22847.814968047216
3347,12173,12173,12148.307228705085,1499.9101074390696,0.9993335155781657,0.998667475357816,22876.246274144265
3359,12212,12212,12191.855387278278,1504.052284811298,0.9993353504738455,0.9986711427066836,22949.541449179585
3361,12235,12235,12199.113413707135,1506.774544362893,0.9993365508844773,0.9986735419336835,22994.770925479093
3371,12324,12324,12293.524235506635,1517.1800484233531,0.9993410996179019,0.9986826333855172,23162.14431949598
3373,12329,12329,12300.816744694124,1517.6847694476264,0.999341318669534,0.9986830712001631,23171.353803437014
3389,12387,12387,12359.156818194007,1523.9367368144726,0.9993440200304942,0.9986884703707087,23281.055619579998
3391,12394,12394,12366.44932738149,1524.687261135956,0.9993443428294703,0.9986891155452658,23294.267276239047
3407,12454,12454,12424.789400881371,1531.1816742705505,0.9993471228511343,0.99869467195084,23407.978788436893
3413,12475,12475,12446.666928443832,1533.4318349725074,0.9993480805719182,0.9986965861427769,23447.617094597237
3433,12554,12554,12519.592020318683,1542.0350487453898,0.9993517165358549,0.9987038533431595,23597.76366377911
3449,12603,12603,12577.932093818568,1547.170162788929,0.9993538675169675,0.9987081525211206,23689.46927081861
3457,12639,12639,12607.102130568508,1551.148421509881,0.9993555241306511,0.9987114636104484,23758.333971194803
3461,12652,12652,12621.687148943472,1552.5235369852412,0.999356094777946,0.9987126041698268,23782.76088814657
3463,12655,12655,12628.979658130964,1552.7815902621926,0.9993562017526517,0.9987128179814867,23787.972173232778
3467,12670,12670,12643.564676505934,1554.4019306024325,0.9993568726452519,0.9987141589032981,23816.40330649272
3469,12678,12678,12650.857185693427,1555.2733614314482,0.9993572328782904,0.9987148789061535,23831.61899263435
3491,12819,12819,12790.244278281183,1571.351896324789,0.9993638077680226,0.9987280202766011,24098.18825341187
3499,12847,12847,12819.549908251465,1574.342399192164,0.9993650158473624,0.9987304348995988,24151.034706086877
3511,12897,12897,12863.508353206884,1579.806856350623,0.9993672115243932,0.9987348234700414,24246.311997141147
3517,12912,12912,12885.487575684585,1581.313531298037,0.9993678142543996,0.998736028167616,24273.94183659733
3527,12946,12946,12922.119613147453,1584.926343110072,0.9993692548561578,0.998738907551752,24338.00647529422
3529,12963,12963,12929.446020640014,1586.8974496538972,0.99937003806631,0.9987404729846578,24371.227014668173
3533,12971,12971,12944.098835625155,1587.6566172049518,0.9993703391994738,0.9987410748716714,24385.647001661335
3539,12996,12996,12966.07805810287,1590.3863168108405,0.9993714195939103,0.9987432343011475,24433.291201434404
3541,13007,13007,12973.404465595439,1591.6224001878286,0.9993719076077338,0.9987442097155207,24454.505831520564
3547,13024,13024,12995.383688073147,1593.3725382492257,0.9993725972791493,0.9987455881924726,24486.1392476104
3557,13062,13062,13032.015725535997,1597.4712898884175,0.9993742065494651,0.998748804716373,24558.207188695676
3559,13065,13065,13039.342133028573,1597.7283498546403,0.9993743072024367,0.9987490058963504,24563.417199485408
3571,13118,13118,13083.30057798399,1603.549676122195,0.9993765779311652,0.9987535445174062,24664.707632182253
3581,13147,13147,13119.932615446847,1606.545473179499,0.9993777400923546,0.9987558673921018,24718.77015571357
3583,13152,13152,13127.25902293941,1607.046818715078,0.9993779341565043,0.9987562552789223,24727.981799612844
3593,13193,13193,13163.89106040226,1611.5078173417962,0.999379655633699,0.9987596960945309,24806.056542296614
3607,13305,13305,13275.292579516912,1624.4168360079739,0.9993845839083767,0.9987695465537193,25017.67138917314
3613,13331,13331,13297.371801994632,1627.260989106709,0.9993856592121133,0.9987716958388302,25067.306971153957
3617,13342,13342,13312.09128364644,1628.3837750253824,0.9993860826758085,0.998772542246098,25087.725575781995
3623,13361,13361,13334.170506124141,1630.3729032736915,0.9993868314528669,0.9987740388814009,25123.357666691903
3631,13395,13395,13363.609469427767,1634.0819360167588,0.9993882227946076,0.9987768198605643,25188.20635875002
3637,13414,13414,13385.688691905469,1636.0702493000933,0.9993889660591688,0.9987783054808145,25223.837358970268
3643,13437,13437,13407.767914383183,1638.5460769718886,0.9993898890439868,0.9987801503233523,25267.47449056965
3659,13496,13496,13466.645840990412,1644.8616935965113,0.9993922309160955,0.9987848312154504,25379.17581480701
3671,13536,13536,13510.804285945827,1649.078730426604,0.9993937846366949,0.9987879367704565,25454.444294130484
3673,13551,13551,13518.164026771734,1650.7966271610499,0.999394415301902,0.9987891973366304,25483.663064720055
3677,13564,13564,13532.883508423542,1652.1612332125715,0.9993949153345019,0.9987901967964562,25508.086813485577
3691,13614,13614,13584.401694204867,1657.4842511880038,0.9993968579804305,0.998794079741157,25602.57316611426
3697,13641,13641,13606.48091668257,1660.443107175009,0.9993979324364188,0.9987962273581887,25654.217798671132
3701,13654,13654,13621.200398334377,1661.8067819876437,0.9993984263430378,0.9987972145769404,25678.64381712667
3709,13681,13681,13650.639361638,1664.6554407174447,0.9993994554829634,0.9987992716196438,25729.493250551215
3719,13713,13713,13687.438065767512,1668.0026228903942,0.9994006602349089,0.9988016796779718,25789.558786599326
3727,13813,13813,13777.975389726864,1679.7272463536408,0.999404842426735,0.9988100390660071,25979.44147448508
3733,13831,13831,13800.152972860315,1681.5871959928068,0.9994055005157158,0.9988113544610684,26013.06627154476
3739,13848,13848,13822.330555993758,1683.3253896195858,0.999406114210675,0.9988125811216809,26044.693975651244
3761,13932,13932,13903.648360816398,1692.3293375737935,0.9994092730148777,0.9988188949881264,26204.01320394068
3767,13952,13952,13925.82594394985,1694.430657935131,0.999410005379098,0.9988203588518487,26241.645424661023
3769,13959,13959,13933.218471660999,1695.1715131780927,0.9994102631534248,0.9988208740963979,26254.85492805951
3779,13993,13993,13970.181110216756,1698.7538268621363,0.9994115064180978,0.9988233591608916,26318.913973992156
3793,14052,14052,14021.928804194798,1705.1509682834435,0.9994137135967779,0.9988277709253023,26431.398821475344
3797,14067,14067,14036.713859617095,1706.7528601577305,0.9994142637012138,0.9988288704894392,26459.823229883878
3803,14088,14088,14058.891442750535,1708.97340063821,0.9994150245501907,0.9988303912966584,26499.457548633633
3821,14153,14153,14125.424192150882,1715.8754962996263,0.9994173769237208,0.9988350932970906,26622.36517716038
3823,14164,14164,14132.816719862032,1717.1001735005693,0.9994177923435426,0.9988359236528404,26643.580809184834
3833,14197,14197,14169.779358417782,1720.5558724387963,0.9994189613551354,0.9988382603161777,26705.640065999596
3847,14313,14313,14283.575439492604,1733.8479963732182,0.9994234144621617,0.9988471613752057,26925.063713459793
3851,14332,14332,14298.425011043933,1735.931081125412,0.9994241061547309,0.9988485439631827,26961.4870409577
3853,14340,14340,14305.8497968196,1736.790839318917,0.9994243911556147,0.9988491136367711,26976.69541528529
3863,14370,14370,14342.973725697928,1739.878088541623,0.9994254122256173,0.9988511546023451,27032.73764747415
3877,14430,14430,14394.947226127579,1746.3777920835118,0.9994275501255923,0.9988554279500431,27147.214881029264
3881,14442,14442,14409.796797678915,1747.6119805710518,0.9994279542821989,0.998856235800701,27169.63121347889
3889,14474,14474,14439.495940781582,1751.0479388259835,0.999429076446803,0.9988584788473096,27230.474475984287
3907,14541,14541,14506.319012762566,1758.1713171626834,0.9994313889336284,0.9988631011858015,27357.371686832117
3911,14551,14551,14521.168584313898,1759.1627759089408,0.9994317093100051,0.9988637415743187,27375.79019741633
3917,14576,14576,14543.442941640893,1761.858660894045,0.9994325786258204,0.9988654792186566,27423.423730432838
3919,14579,14579,14550.867727416562,1762.1125571088062,0.9994326603602497,0.9988656425947662,27428.631315969593
3923,14597,14597,14565.717298967887,1764.0706410028833,0.9994332899176761,0.9988669009956697,27463.0576162283
3929,14620,14620,14587.991656294886,1766.5239607044732,0.9994340767326637,0.998868473734472,27506.68924690098
3931,14627,14627,14595.416442070553,1767.2610954441618,0.9994343127157268,0.9988689454335572,27519.898846307617
3943,14669,14669,14639.965156724542,1771.6831621750484,0.9994357242553692,0.9988717669178543,27599.164411969326
3947,14680,14680,14654.814728275875,1772.7946146007646,0.9994360779279099,0.9988724738639232,27619.585701510285
3967,14759,14759,14729.062586032533,1781.2476278243284,0.9994387533014628,0.9988778216007823,27769.70931521311
3989,14898,14898,14874.05268988232,1796.8240750420598,0.9994436173264009,0.9988875442144812,28031.84786633544
4001,14951,14951,14918.791880726782,1802.5632910624875,0.9994453883125918,0.9988910842193073,28133.110233532243
4003,14958,14958,14926.248412534194,1803.298591397959,0.9994456143944508,0.9988915361323012,28146.32082386179
4007,14975,14975,14941.161476149013,1805.1307180198091,0.9994461769151061,0.9988926605502215,28178.740780993227
4013,14994,14994,14963.531071571255,1807.0951000280897,0.9994467787755826,0.9988938636048883,28214.365211198143
4019,15014,15014,14985.900666993484,1809.179760510871,0.9994474160587037,0.9988951374664196,28251.992533149525
4021,15025,15025,14993.3571988009,1810.3967219050974,0.9994477874069321,0.9988958797526121,28273.20361860602
4027,15044,15044,15015.72679422314,1812.3604658878653,0.999448385579887,0.9988970754382426,28308.831167398563
4049,15128,15128,15097.748644104659,1821.2845915616244,0.9994510876974608,0.9989024766996376,28468.145294960847
4051,15142,15142,15105.205175912066,1822.8617004195603,0.9994515624767715,0.9989034257372599,28495.360668299694
4057,15160,15160,15127.574771334303,1824.703510913373,0.9994521159043366,0.9989045319856555,28528.987668697293
4073,15217,15217,15187.227025793596,1830.6969031335975,0.9994539090944121,0.9989081164041014,28636.67042647636
4079,15232,15232,15209.596621215827,1832.1770255372394,0.9994543501330307,0.9989089979998387,28664.297710727853
4091,15282,15282,15254.335812060295,1837.5419742593313,0.9994559427971008,0.9989121815924418,28759.568994528967
4093,15293,15293,15261.792343867719,1838.7565762750323,0.9994563020797324,0.9989128997668932,28780.78337618892
