candidate_id,q,d,length,predicted_length,first_vertex,last_vertex,simple_cycle,primitive_certificate,closing_quotient,mass
SD-C23,2,2,2,2,2,3,True,True,2,6
SD-C23,2,3,3,3,3,5,True,True,2,60
SD-C23,2,4,4,4,4,7,True,True,2,840
SD-C23,2,5,5,5,5,9,True,True,2,15120
SD-C23,2,6,6,6,6,11,True,True,2,332640
SD-C23,2,7,7,7,7,13,True,True,2,8648640
SD-C23,2,8,8,8,8,15,True,True,2,259459200
SD-C23,2,9,9,9,9,17,True,True,2,8821612800
SD-C23,2,10,10,10,10,19,True,True,2,335221286400
SD-C23,2,11,11,11,11,21,True,True,2,14079294028800
SD-C23,2,12,12,12,12,23,True,True,2,647647525324800
SD-C23,2,13,13,13,13,25,True,True,2,32382376266240000
SD-C23,2,14,14,14,14,27,True,True,2,1748648318376960000
SD-C23,2,15,15,15,15,29,True,True,2,101421602465863680000
SD-C23,2,16,16,16,16,31,True,True,2,6288139352883548160000
SD-C23,3,2,4,4,2,5,True,True,3,120
SD-C23,3,3,6,6,3,8,True,True,3,20160
SD-C23,3,4,8,8,4,11,True,True,3,6652800
SD-C23,3,5,10,10,5,14,True,True,3,3632428800
SD-C23,3,6,12,12,6,17,True,True,3,2964061900800
SD-C23,3,7,14,14,7,20,True,True,3,3379030566912000
SD-C23,3,8,16,16,8,23,True,True,3,5129368400572416000
SD-C23,3,9,18,18,9,26,True,True,3,10002268381116211200000
SD-C23,3,10,20,20,10,29,True,True,3,24365525776399090483200000
SD-C23,3,11,22,22,11,32,True,True,3,72511804710563693278003200000
SD-C23,3,12,24,24,12,35,True,True,3,258867142816712385002471424000000
SD-C23,3,13,26,26,13,38,True,True,3,1091901608400892839940424466432000000
SD-C23,3,14,28,28,14,41,True,True,3,5372155913332392772506888374845440000000
SD-C23,3,15,30,30,15,44,True,True,3,30492356964074661376749098415622717440000000
SD-C23,3,16,32,32,16,47,True,True,3,197773427268988253689594652323728945315840000000
SD-C23,4,2,6,6,2,7,True,True,4,5040
SD-C23,4,3,9,9,3,11,True,True,4,19958400
SD-C23,4,4,12,12,4,15,True,True,4,217945728000
SD-C23,4,5,15,15,5,19,True,True,4,5068545850368000
SD-C23,4,6,18,18,6,23,True,True,4,215433472824041472000
SD-C23,4,7,21,21,7,27,True,True,4,15123429792247711334400000
SD-C23,4,8,24,24,8,31,True,True,4,1631515605987683098755072000000
SD-C23,4,9,27,27,9,35,True,True,4,256278471388545261152446709760000000
SD-C23,4,10,30,30,10,39,True,True,4,56211094800477963400133051531919360000000
SD-C23,4,11,33,33,11,43,True,True,4,16648826902384765111705007734930003722240000000
SD-C23,4,12,36,36,12,47,True,True,4,6479057477332055190871120810125360248546918400000000
SD-C23,4,13,39,39,13,51,True,True,4,3238232927170561184397386180900655052223749816320000000000
SD-C23,4,14,42,42,14,55,True,True,4,2038920980263672144143970234942288447082161834347724800000000000
SD-C23,4,15,45,45,15,59,True,True,4,1590798771537401225615431880825732523028655977747444452556800000000000
SD-C23,4,16,48,48,16,63,True,True,4,1516133040396521761689945970067295941327782980775890399731594035200000000000
SD-C23,5,2,8,8,2,9,True,True,5,362880
SD-C23,5,3,12,12,3,14,True,True,5,43589145600
SD-C23,5,4,16,16,4,19,True,True,5,20274183401472000
SD-C23,5,5,20,20,5,24,True,True,5,25852016738884976640000
SD-C23,5,6,24,24,6,29,True,True,5,73681349947830849621196800000
SD-C23,5,7,28,28,7,34,True,True,5,410045554221672417843914735616000000
SD-C23,5,8,32,32,8,39,True,True,5,4047198825634413364809579710298193920000000
SD-C23,5,9,36,36,9,44,True,True,5,65929354533443669842351830630322814740070400000000
SD-C23,5,10,40,40,10,49,True,True,5,1676261750535349318982176375995633203504058728448000000000
SD-C23,5,11,44,44,11,54,True,True,5,63614334584226570897291871330199399548963449231649013760000000000
SD-C23,5,12,48,48,12,59,True,True,5,3474304517037684276744103227723399830294584655400418684384051200000000000
SD-C23,5,13,52,52,13,64,True,True,5,264898764818080282202467359890157946868790242401163570641104109830144000000000000
SD-C23,5,14,56,56,14,69,True,True,5,27480629650079426645317828211088172227121924001525796957936617286272318177280000000000000
SD-C23,5,15,60,60,15,74,True,True,5,3794391236610274843583456568385384710840526911141554598062733384196124685006117273600000000000000
SD-C23,5,16,64,64,16,79,True,True,5,684129195287780947531078449294673069610712302942051631017262596698567384241565145164152832000000000000000
SD-C23,6,2,10,10,2,11,True,True,6,39916800
SD-C23,6,3,15,15,3,17,True,True,6,177843714048000
SD-C23,6,4,20,20,4,23,True,True,6,4308669456480829440000
SD-C23,6,5,25,25,5,29,True,True,6,368406749739154248105984000000
SD-C23,6,6,30,30,6,35,True,True,6,86109566386551207747222094479360000000
SD-C23,6,7,35,35,7,41,True,True,6,46461842518283065428013975074223266201600000000
SD-C23,6,8,40,40,8,47,True,True,6,51314135220469877111699276816192853168491593728000000000
SD-C23,6,9,45,45,9,53,True,True,6,106023890973710951495486452216998999248272415386081689600000000000
SD-C23,6,10,50,50,10,59,True,True,6,382173496874145270441851355049573981332404312094046055282245632000000000000
SD-C23,6,11,55,55,11,65,True,True,6,2272831402139128821297169947857555184134220279801983436100673262342635520000000000000
SD-C23,6,12,60,60,12,71,True,True,6,21306281780299581066647818568620881691132170116862980897427418114392653729208729600000000000000
SD-C23,6,13,65,65,13,77,True,True,6,303095213102181432450477793991310853624999121556605152982331530182909600613351646591713280000000000000000
SD-C23,6,14,70,70,14,83,True,True,6,6336134238897449405002384315164100715937307196347159507677308148443915839015124107965014656784793600000000000000000
SD-C23,6,15,75,75,15,89,True,True,6,189358553989510419323485423656177597913729997916001155284327489867490899321257970922466447366974780330737664000000000000000000
SD-C23,6,16,80,80,16,95,True,True,6,7899503684574063061087469521613141457092279979687858246076939676800558032804312889056922598780665607237230971605483520000000000000000000
SD-C23,7,2,12,12,2,13,True,True,7,6227020800
SD-C23,7,3,18,18,3,20,True,True,7,1216451004088320000
SD-C23,7,4,24,24,4,27,True,True,7,1814811575069725360128000000
SD-C23,7,5,30,30,5,34,True,True,7,12301366626650172535317442068480000000
SD-C23,7,6,36,36,6,41,True,True,7,278771055109698392568083850445339597209600000000
SD-C23,7,7,42,42,7,48,True,True,7,17241549434077878709530957010240798664613175492608000000000
SD-C23,7,8,48,48,8,55,True,True,7,2519127649535372207532758104675896222138952589573300944896000000000000
SD-C23,7,9,54,54,9,62,True,True,7,780505289196129402917984185390643950595542678503428377781824609320960000000000000
SD-C23,7,10,60,60,10,69,True,True,7,471567604795362961233653932102273035417412215866182675798192352632432979922124800000000000000
SD-C23,7,11,66,66,11,76,True,True,7,519591793889453884200819075413675749071427065525608833683996908884987886765745679871508480000000000000000
SD-C23,7,12,72,72,12,83,True,True,7,988436941268002107180371953165599711686219922630156883197660071157250870886359360842542286458427801600000000000000000
SD-C23,7,13,78,78,13,90,True,True,7,3101693114348180668518691239488189053826897365864098923557284284029500930882205563710000407871046901817482936320000000000000000000
SD-C23,7,14,84,84,14,97,True,True,7,15447637445258271797217768398904930382173095345879200557368377076777027244309489940808593280367567208264549909593955133030400000000000000000000
SD-C23,7,15,90,90,15,104,True,True,7,118137400990323926237367954566710345006782748857080972267617603600010362814673834471106378736681271440612565071035005302962163841761280000000000000000000000
SD-C23,7,16,96,96,16,111,True,True,7,1348158680961654104909519070046554425360893466733887618757374055486072626826350943996292794658847603697311323045553477510041588195448877700507238400000000000000000000000
SD-C23,8,2,14,14,2,15,True,True,8,1307674368000
SD-C23,8,3,21,21,3,23,True,True,8,12926008369442488320000
SD-C23,8,4,28,28,4,31,True,True,8,1370473109029653802954260480000000
SD-C23,8,5,35,35,5,39,True,True,8,849911753383226806610011739162620723200000000
SD-C23,8,6,42,42,6,47,True,True,8,2155193679259734838691369626280099833076646936576000000000
SD-C23,8,7,49,49,7,55,True,True,8,17633893546747605452729306732731273554972668127013106614272000000000000
SD-C23,8,8,56,56,8,63,True,True,8,393374665754849219070664029436884551100153509965727902402039603097763840000000000000
SD-C23,8,9,63,63,9,71,True,True,8,21093218962496585255981340382934672874220848415694351088453143933248727191916642304000000000000000
SD-C23,8,10,70,70,10,79,True,True,8,2465327968139047422522994299878283873649162854881977257533807493462957425852904157113541145395200000000000000000
SD-C23,8,11,77,77,11,87,True,True,8,580841407181307241295635063574567238544362802596273206658667468919382196794420517548689214957124887980802048000000000000000000
SD-C23,8,12,84,84,12,95,True,True,8,258787740706646305881225501528046514134343092134574236141480543811986281154669290245504784336054605293091686629795640115200000000000000000000
SD-C23,8,13,91,91,13,103,True,True,8,206740451733066870915393920491743103761869810499891701468330806300018134925679210324436162789192225021071988874311259280183786723082240000000000000000000000
SD-C23,8,14,98,98,14,111,True,True,8,283113323001947362030999004709776429325787628014116399939048551652075251633533698239221486878357996776435377839566230277108733521044264317106520064000000000000000000000000
SD-C23,8,15,105,105,15,119,True,True,8,639446550795389515655410290003708762259759527260424000516127665689402114713332343661001750750075207303841337308105561429087215291869982751307785929852152803491840000000000000000000000000
SD-C23,8,16,112,112,16,127,True,True,8,2303830442945303294963702368391960170564546019054203713698047265385159868499067199784603174310834057722090167898567224929779958058565213328627217603956178471565996666986168320000000000000000000000000000
SD-C23,9,2,16,16,2,17,True,True,9,355687428096000
SD-C23,9,3,24,24,3,26,True,True,9,201645730563302817792000000
SD-C23,9,4,32,32,4,35,True,True,9,1722191327731024154944441889587200000000
SD-C23,9,5,40,40,5,44,True,True,9,110761315616185365335151075458942328763318272000000000
SD-C23,9,6,48,48,6,53,True,True,9,35624027367166879702483447944911663747419531569723447705600000000000
SD-C23,9,7,56,56,7,62,True,True,9,43708296194983246563407114381876061233350389996191989155782178121973760000000000000
SD-C23,9,8,64,64,8,71,True,True,9,168745751699972682047850723063477382993766787325554808707625151465989817535333138432000000000000000
SD-C23,9,9,72,72,9,80,True,True,9,1775036137060114144216555895912364389027397255515023625424341395293329346614090993121749624684544000000000000000000
SD-C23,9,10,80,80,10,89,True,True,9,45491499010439983138274138179160106122794494699340117545506836165766013652939014934413339315442021226656416399360000000000000000000
SD-C23,9,11,88,88,11,98,True,True,9,2597798293894193051594517676107044332509285098125813399331525236247439117621038304365899514772853042279432829196596246811456307200000000000000000000
SD-C23,9,12,96,96,12,107,True,True,9,307269170674036480717831013768321581066908373275987680692171000982381737136297104202607889742841587049406363153341915193125864461089566307123200000000000000000000000
SD-C23,9,13,104,104,13,116,True,True,9,70837105438727098222600009970500582946688770052112994407458476314323929845278868246482967846468949518537868318168335153327485908039213775485519655461632081920000000000000000000000000
SD-C23,9,14,112,112,14,125,True,True,9,30233995314242825393224440530078217461476981877351754772940252826576901161405081362002666329538504694515619001293533135561416772422115660480672147033545649233149562558873600000000000000000000000000000
SD-C23,9,15,120,120,15,134,True,True,9,22860539232059630881332578748491785592862807107205370644706805751238821780312667462424441335069327750119680075685890995995048627581219553337954505754842306812002945358739269286264687296512000000000000000000000000000000
SD-C23,9,16,128,128,16,143,True,True,9,29475003957407787704848289390752400844981861563525702129788079838086147621266060418907117529934628979410785263414520560787808070760439552959566402814753301286827819031121860979645282414306778313019338260480000000000000000000000000000000
SD-C23,10,2,18,18,2,19,True,True,10,121645100408832000
SD-C23,10,3,27,27,3,29,True,True,10,4420880996869850977271808000000
SD-C23,10,4,36,36,4,39,True,True,10,3399647013532907226440046956650482892800000000
SD-C23,10,5,45,45,5,49,True,True,10,25345077668094481703010506805053974036981367974133760000000000
SD-C23,10,6,54,54,6,59,True,True,10,1155692654547415297816158497669911719549190639772395271173510791168000000000000
SD-C23,10,7,63,63,7,69,True,True,10,237670072816862932461761581779545609850375756796556068602288945726746221880750899200000000000000
SD-C23,10,8,72,72,8,79,True,True,10,177503613706011414421655589591236438902739725551502362542434139529332934661409099312174962468454400000000000000000
SD-C23,10,9,81,81,9,89,True,True,10,409423491093959848244467243612440955105150452294061057909561525491894122876451134409720053838978191039907747594240000000000000000000
SD-C23,10,10,90,90,10,99,True,True,10,2571820310955251121078572499345973889184192247144555265338209983884964726444827921322240519625124511856638500904630284343341744128000000000000000000000
SD-C23,10,11,99,99,11,109,True,True,10,39788899448922331961113373634887498175516099072254196748190607259210575905253384617404100858580042790201728777452551282188254440795410120241997414400000000000000000000000
SD-C23,10,12,108,108,12,119,True,True,10,1396551266937130702191416073368099936775314807536766017127222821865654218533917838555627823638164252751589480680902546161126478197444042328856204470797101722826178560000000000000000000000000
SD-C23,10,13,117,117,13,129,True,True,10,103851515787782075057582984073804366498267669955880821997189287097688544113832511455762393586821943053822527286891317709250637802174068630776658844618911663658418821915202418848563200000000000000000000000000000
SD-C23,10,14,126,126,14,139,True,True,10,15441932034241942799030309347175659665093150103169224759995515337719145803916073657564328293039175602332601234838104952098744564943827289785204667949915914846899783855480227508296092347878930194104320000000000000000000000000000000
SD-C23,10,15,135,135,15,149,True,True,10,4369118257769394919025386039577900484770803107613658156718445048942018348473539736241627891927549897909837128408626435978491722657875366756929195173757666447962570456664007880081454444356361542784741406717097818456064000000000000000000000000000000000
SD-C23,10,16,144,144,16,159,True,True,10,2253391474669509104046566054089097861857726566706036621730015904452323932200363261359430950464434524361853248969641405893312134709632379925101649464394361484470119156766943933091653391936999846599385943193417551838573478589593497580339200000000000000000000000000000000000
SD-C23,11,2,20,20,2,21,True,True,11,51090942171709440000
SD-C23,11,3,30,30,3,32,True,True,11,131565418466846765083609006080000000
SD-C23,11,4,40,40,4,43,True,True,11,10069210510562305939559188678085666251210752000000000
SD-C23,11,5,50,50,5,54,True,True,11,9618487389135057519670530945126149211803273523825330880512000000000000
SD-C23,11,6,60,60,6,65,True,True,11,68730421600687255556026419223212468768218821261211979107684359453241298124800000000000000
SD-C23,11,7,70,70,7,76,True,True,11,2618742641202847576372128140084925775319992410249068521767344420780338949299358226552402739200000000000000000
SD-C23,11,8,80,80,8,87,True,True,11,418205813170541213732857245773688411751941217869316708794240577621955181691982772635056234769129919346177474560000000000000000000
SD-C23,11,9,90,90,9,98,True,True,11,233801846450477374643506590849633989925835658831323205939837271262269520585893447392930956329556773805148954627693662213031067648000000000000000000000
SD-C23,11,10,100,100,10,109,True,True,11,397888994489223319611133736348874981755160990722541967481906072592105759052533846174041008585800427902017287774525512821882544407954101202419974144000000000000000000000000
SD-C23,11,11,110,110,11,120,True,True,11,1843447672357012526892669216845891916543415545948531142607934124862663568464771546893428727202376813632098114498791360932686951220626135874090189901452174274130555699200000000000000000000000000
SD-C23,11,12,120,120,12,131,True,True,11,21223095766391144858767658625322660337585981032183804783345602711283630875102812041099602753402932282479171676349109687062460341252292665385518001486320787585234470446590766315892375552000000000000000000000000000000
SD-C23,11,13,130,130,13,142,True,True,11,562704621005057765274376433823454925222380993485490677023226978727099181860533880724590425571479280516024082301549937978676335896335664192864449508281653933657621999685053709611409937000402131430369184972800000000000000000000000000000000
SD-C23,11,14,140,140,14,153,True,True,11,32219964723671428795906523180219940579971428651107311530777462520253818009607112977623793076554937545018380723097739298891221290525914355740758994594904019048771541471090496837884171975326434614767517125627727399213110552166400000000000000000000000000000000000
SD-C23,11,15,150,150,15,164,True,True,11,3770684811879286098307155522273125917858176557593169468385522073166997139584577073632286778319098499104233650425809363649485763000671902780982857556645955449070887966977285150110118412974954050080175799781639989932285117988594134977276064741457920000000000000000000000000000000000000
SD-C23,11,16,160,160,16,175,True,True,11,859884936649409288034702794329149269683418876134210994050779343936090675347192620795097960783785746545109861133769953905693491016137944246298763527022507618400962384554041653076295948033466354374534672740197088870722107142490546860414516435147116276325085593542328320000000000000000000000000000000000000000
SD-C23,12,2,22,22,2,23,True,True,12,25852016738884976640000
SD-C23,12,3,33,33,3,35,True,True,12,5166573983193072464833325668761600000000
SD-C23,12,4,44,44,4,47,True,True,12,43103873585194696773827392525601996661532938731520000000000
SD-C23,12,5,55,55,5,59,True,True,12,5778463272737076489080792488349558597745953198861976355867553955840000000000000
SD-C23,12,6,66,66,6,71,True,True,12,7087321571398852646009730368666050085738205067673301965720256361571572336483991814144000000000000000
SD-C23,12,7,77,77,7,83,True,True,12,54798944023898036822079821083500848015884032510615897604478274344957988281939762965110544361255237320704000000000000000000
SD-C23,12,8,88,88,8,95,True,True,12,2049598906396638742579305972102128391943997289705827950240525906990931346744980778744397891941552473921286158107981469712384000000000000000000000
SD-C23,12,9,99,99,9,107,True,True,12,304196478967296115910652703630638365256239289543227803885249290972557919764934133160581810845413171178912299521808496041194605816478670644051968000000000000000000000000
SD-C23,12,10,110,110,10,119,True,True,12,153620639363084377241055768070490993045284628829044261883994510405221964038730962241119060600198067802674842874899280077723912601718844656174182491787681189510879641600000000000000000000000000
SD-C23,12,11,121,121,11,131,True,True,12,233454053430302593446444244878549263713445791354021852616801629824119939626130932452095630287432255107270888439840206557687063753775219319240698016349528663437579174912498429474816131072000000000000000000000000000000
SD-C23,12,12,132,132,12,143,True,True,12,965601129644679125210829960441048651681605784821102001771857495495702196072676139323397170280658445365497325229459693571408592398111999754955395356211318150156479351459552165693179451892690057534513521413324800000000000000000000000000000000
SD-C23,12,13,143,143,13,155,True,True,12,9998177253402481069657753208054049761370934024725109841115554394659962266561183228086439229585762669594653722184459481838934878663096483729914923612744666151024297033894092073763837405663545925308508239253540089249820335442755584000000000000000000000000000000000000
SD-C23,12,14,154,154,14,167,True,True,12,241466435259859584891895930047332428365136695923371019645967753127494992765232021417391126898378332247907075743910903383700312383599687189346079655298133498775620690869457330531424743108775771967305283434772700980085486574432353268730508724221828818534400000000000000000000000000000000000000
SD-C23,12,15,165,165,15,179,True,True,12,12802375691739891143459815378292686631443576937883092437966134850989451434632436779881639597915640374956073295983155622633253304706151145272072911970541298841975011062719693740240100422364104272494287686558088039195476317598250515964206887331002878655120988209345930309350195200000000000000000000000000000000000000000
SD-C23,12,16,176,176,16,191,True,True,12,1413915938263425982224008220593590666934957312513759397862124529085611000577644256203184903990032304709144785240957226391843496793109026101745370264466664255134846213186201626915883963176032258225705396608058824364348291616198451834820439711914269225446973380341673096020478138179986492362696960245760000000000000000000000000000000000000000000
SD-C23,13,2,24,24,2,25,True,True,13,15511210043330985984000000
SD-C23,13,3,36,36,3,38,True,True,13,261511308733300555880003612050037145600000000
SD-C23,13,4,48,48,4,51,True,True,13,258519792214563713370707169411550535177209953336164352000000000000
SD-C23,13,5,60,60,5,64,True,True,13,5286955507745173504309724555631728366786063173939383008283412265633946009600000000000000
SD-C23,13,6,72,72,6,77,True,True,13,1209859100235715580283923200719235708197836493535069657056513122400516594576303500667210065510400000000000000000
SD-C23,13,7,84,84,7,90,True,True,13,2063494395113557635152114907806702413729958279562067731864190088479146379297313717424989071348450082841135047874969600000000000000000000
SD-C23,13,8,96,96,8,103,True,True,13,19648612532710675411799038203535264581528106789909707307550159830753723543336552149234412911484829066002681822614542081988667090161736089600000000000000000000000
SD-C23,13,9,108,108,9,116,True,True,13,841544812612077926884488118449546925406662588219102373560606698614168286561912954768217658016051120280229875619839821621530532587505859652767973506884189133209600000000000000000000000000
SD-C23,13,10,120,120,10,129,True,True,13,137084000839872339076009538977421763777713324341762685036289858968948878230258915121606359534604964831045736018696539376210841898869770592625189674896963396029112844928067192880103424000000000000000000000000000000
SD-C23,13,11,132,132,11,142,True,True,13,74277009972667625016217689264696050129354291140084769367065961191977092005590472255645936175435265028115178863804591813185276338316307673458107335093178319242806103958427089668706111684053081348808732416409600000000000000000000000000000000
SD-C23,13,12,144,144,12,155,True,True,13,119978127040829772835893038496648597136451208296701318093386652735919547198734198737037270755029152035135844666213513782067218543957157804758979083352935993812291564406729104885166048867962551103702098871042481070997844025313067008000000000000000000000000000000000000
SD-C23,13,13,156,156,13,168,True,True,13,527362694607533333403900711223374023549458543896642306906793572830449064199266734775582221146058277629429053424701412990001482245781716821531837967171123561325955588858894809880631638949566285976594739021543578940506702678560259538907431053700474139679129600000000000000000000000000000000000000
SD-C23,13,14,168,168,14,181,True,True,13,5839419600516399148354890990346860226334044312907236122805113428233308588364547064039613453401281887824964151763836942595479497342569660381497896608003297227801642045927706708798314604648715240770094499592875116437840657982914025341594045449417033012173785142046865732700811034624000000000000000000000000000000000000000000
SD-C23,13,15,180,180,15,194,True,True,13,152466740814122483404122189490939838643970574482003716599290559859907527600849089973387789624560993912409021261096730955222604115951453887268464441913423227957385666312659152587155438765802559459962161004220942885327794755917863008766119082637262916816854462643448421296252378255236956231487006806302628249600000000000000000000000000000000000000000000
SD-C23,13,16,192,192,16,207,True,True,13,8864496808768676705950314086206343983871612113834115098550383686090273585014072569385627553542430407666432227673831452882780144064267702055706730440266197496966589994337132913217976829228482003078075579734059895893613339665972004867895119137083636674725897531565310804204943483903428905081202370455869007675110107799217624239937945600000000000000000000000000000000000000000000000
SD-C23,14,2,26,26,2,27,True,True,14,10888869450418352160768000000
SD-C23,14,3,39,39,3,41,True,True,14,16726263306581903554085031026720375832576000000000
SD-C23,14,4,52,52,4,55,True,True,14,2116067225609712654327516807927752826596720175241572793712640000000000000
SD-C23,14,5,65,65,5,69,True,True,14,7130102184505887973852847453386368295511272703896682058068668371802386656422526976000000000000000
SD-C23,14,6,78,78,6,83,True,True,14,328793664143388220932478926501005088095304195063695385626869646069747929691638577790663266167531423924224000000000000000000
SD-C23,14,7,91,91,7,97,True,True,14,133601055114558499796289480485505137100477519332184689108478440721296868906224827081674832188318156460085116930110664121732038656000000000000000000000
SD-C23,14,8,104,104,8,111,True,True,14,349792172835366004736539890299022973960597130164001094452693266537172014898263554848522931467948872177221438028340868831973382439920609449071447669473280000000000000000000000000
SD-C23,14,9,117,117,9,125,True,True,14,4669338236331661953729582595465279904750505081138205007132892646536536615367400765547691787933926665020992198559773257456105206332871542604635006387860790067567618441592438784000000000000000000000000000000
SD-C23,14,10,130,130,10,139,True,True,14,264983553707591738431360108397534319852998455770383896881523043195260541995199823963803873508552253336027437189821880978014456734436076292714112102020557098772800290960040704042360944689602442130830131200000000000000000000000000000000
SD-C23,14,11,143,143,11,153,True,True,14,55289459465820171813775593777257418035230971565300146586814125684755551704485805869602428919368272827251541320835720636897335734542469034451142434724855296687691965164391292573809239109660161798941059387577180217049697707517542400000000000000000000000000000000000
SD-C23,14,12,156,156,12,167,True,True,14,37668763900538095243135765087383858824961324564045879064770969487889218871376195341113015796147019830673503816050100927857248731841551201537988426226508825808996827775635343562902259924969020426899624215824541352893335905611447109921959360978605295691366400000000000000000000000000000000000000
SD-C23,14,13,169,169,13,181,True,True,14,75912454806713188928613582874509182942342576067794069596466474567033011648739111832514974894216664541724533972929880253741233465453405584959472655904042863961421346597060187214378089860433298130011228494707376513691928553777882329440722590842421429158259206846609254525110543450112000000000000000000000000000000000000000000
SD-C23,14,14,182,182,14,195,True,True,14,416234202422554379693253577310265759498039668335870146316063228417547550350318015627348665675051513380876628042794075507757709236547469112242907926423645412323662869033559486562934347830640987325696699541523174076944879683655766013931505095599727762910012683016614190138768992636796890511959528581206175121408000000000000000000000000000000000000000000000
SD-C23,14,15,195,195,15,209,True,True,14,5780361079061878706416080809333432785003000827188949773462734194025745599315976441044980015113948020231127127021552013795803276341427683156485244785488782063821974003507357630051178330803308544567151524032985776914307386529387024934257049286909497802855263262383107869205959546983747920425350441726863062524785799093713828414378735566848000000000000000000000000000000000000000000000000
SD-C23,14,16,208,208,16,223,True,True,14,191082116121615706684631587930354969223566389415326057551899868826474260723226028029216295674564640492036186338112333836909262112361025485155673249987290571163209244654401969164341584465730153769017171851860877845434916716112091067174593827995510452610619202967097675429904777789025174066478803080035514125582201610107923956137849512265313143570138392223211706751385600000000000000000000000000000000000000000000000000
SD-C23,15,2,28,28,2,29,True,True,15,8841761993739701954543616000000
SD-C23,15,3,42,42,3,44,True,True,15,1329135787394224384021812905507307945159819264000000000
SD-C23,15,4,56,56,4,59,True,True,15,23113853090948305956323169953398234390983812795447905423470215823360000000000000
SD-C23,15,5,70,70,5,74,True,True,15,13782856006330776717748042842552240922736802159205623798775496951475468154207148560802119680000000000000000
SD-C23,15,6,84,84,6,89,True,True,15,137566293007570509010140993853780160915330551970804515457612672565276425286487581161665938089896672189409003191664640000000000000000000
SD-C23,15,7,98,98,7,104,True,True,15,14304189923813371699789699812173672615352461743054266919896516356788710739549009964642652599560955560049952366863386635687749641637743873228800000000000000000000000
SD-C23,15,8,112,112,8,119,True,True,15,11060686034142075161356015301075351499260493275691186855647604749175981410788629281360572363214260881792588686992748165596121707323756815244541139408713045644783334195200000000000000000000000000
SD-C23,15,9,126,126,9,134,True,True,15,49428143505990051506382048466838999137464247014915164193159267123098530900520837080555630077033497688198767472445006075900654340611009669445191714162889842096640288336851698479990056285026385920000000000000000000000000000000
SD-C23,15,10,140,140,10,149,True,True,15,1049636970246519435346658742148194812461337738573105235570039238557830488037283186234688684756674587473859271728888414979472851451327978109684669848543541787458527926508961253110768615712172297038606275549715579905884815360000000000000000000000000000000000
SD-C23,15,11,154,154,11,164,True,True,15,90586931920587969225731104267089577050624833619618303308493782285763939281379879616942057562338022342480109217829644152315245970328141792410332169940862433708479012518662298446245484753310296099126143413954119118133217674557985498694080179348785070080000000000000000000000000000000000000
SD-C23,15,12,168,168,12,179,True,True,15,27960388510759922257316236786191227603072772032336673884518038514560961933237241927261500881847758578904064078427211879831025217478234101274207239743662196670873424160979811128684379322443203731127524307442864277602920277634579126865827841930910286982784238249211511795620826316800000000000000000000000000000000000000000
SD-C23,15,13,182,182,13,194,True,True,15,27748946828170291979550238487351050633202644555724676421070881894503170023354534375156577711670100892058441869519605033850513949103164607482860528428243027488244191268903965770862289855376065821713113302768211605129658645577051067595433673039981850860667512201107612675917932842453126034130635238747078341427200000000000000000000000000000000000000000000
SD-C23,15,14,196,196,14,209,True,True,15,80925055106866301889825131330668058990042011580645296828478278716360438390423670174629720211595272283235779778301728193141245868779987564190793426996842948893507636049103006820716496631246319623940121336461800876800303411411418349079598690016732969239973685673363510168883433657772470885954906184176082875347001187311993597801302297935872000000000000000000000000000000000000000000000000
SD-C23,15,15,210,210,15,224,True,True,15,642035910168628774460362135445992696591183068435495553374383559256953516030039454178166753466537192053241586096057441692015120697533045630123062119957296319108383062038790616392187723804853316663897697422252549560661320166136625985706635262064915120771680521969448189444480053371124584863368778348919327461956197409962624492623174361211452162395664997869991334684655616000000000000000000000000000000000000000000000000000
SD-C23,15,16,224,224,16,239,True,True,15,12961577257534353411284344813939200898764485262584204073520528930720920497176305643320972682602981819336173129015907073597326295697702232303585808805048205130174473692342915734494309991598530938827911320743739649323465876845941171452885011356015098991829752025119404682215569284613072526408489069975943993486132745050759135077985978756563177524986024144890551223176227931538032950549830792607042633728000000000000000000000000000000000000000000000000000000
SD-C23,16,2,30,30,2,31,True,True,16,8222838654177922817725562880000000
SD-C23,16,3,45,45,3,47,True,True,16,129311620755584090321482177576805989984598816194560000000000
SD-C23,16,4,60,60,4,63,True,True,16,330434719234073344019357784726983022924128948371211438017713266602121625600000000000000
SD-C23,16,5,75,75,5,79,True,True,16,37275758878262397028547673814159652169575342365815496133911169301159916278895910855556742118375424000000000000000000
SD-C23,16,6,90,90,6,95,True,True,16,86083154068658827188330850828289392461647886167644773910102088093619116563289192707264711461545203904694018640535221727920128000000000000000000000
SD-C23,16,7,105,105,7,111,True,True,16,2448545209847562033155779232093160817724179911148007661168852865760204104287844883939660520275642105240550066198386081823813677079444266143500133686312960000000000000000000000000
SD-C23,16,8,120,120,8,127,True,True,16,597750003662234036668646245541083272286540658466988452193124385039021271352873176402353311924149555949327337290827933326500764093908883398074954977748386901289736242418897643372544000000000000000000000000000000
SD-C23,16,9,135,135,9,143,True,True,16,955945118348232333958721660836638165164789726972890981754138920540745174111949377930163198577851860911842351977165096635694506474130879757405841402649204968654914557944956644036247657373763156959168386199191552000000000000000000000000000000000
SD-C23,16,10,150,150,10,159,True,True,16,8120321518119043007342205432515473054990503455781873570066285313284394522077229048634845373093636251990374367986999770277139608639631244298096304009891521045436521393325359157289082163184172647205547184891799489805483387445459127880510341120000000000000000000000000000000000000
SD-C23,16,11,165,165,11,175,True,True,16,309868135770981131036185498964452230823116826203724273816138844380809635768114332829721501148045031624995789558165340589455706422575469588596222424597830845366970804897894450102574007833339935462407314668657422945453418529867893466618975142569614821336507844488913433395200000000000000000000000000000000000000000
SD-C23,16,12,180,180,12,191,True,True,16,46319886137509835177658509306646030248789201557950757873963199572844616378923625833216337454713458302271583164493758736596792954942251695093178329863927920998217561943979965297764358633646816779474108792880007086176050033346661282108717604962311459825642847939993210625630863806776357489801952417651097600000000000000000000000000000000000000000000
SD-C23,16,13,195,195,13,207,True,True,16,24200076287938487407244357455343319075969501070767134219042547463026446887088418114422763221170835012929359981549559866369989793295450826612079374101926719166718790684540372853085076743793755868403146332673983515789564417288103573289353675244238328122001700261173298495479495711056360910871682471344522390953050594291864114175030591488000000000000000000000000000000000000000000000000
SD-C23,16,14,210,210,14,223,True,True,16,40127244385539298403772633465374543536948941777218472085898972453559594751877465886135422091658574503327599131003590105750945043595815351882691382497331019944273941377424413524511732737803332291493606088890784347541332510383539124106664703879057195048230032623090511840280003335695286553960548646807457966372262338122664030788948397575715760149729062366874458417790976000000000000000000000000000000000000000000000000000
SD-C23,16,15,225,225,15,239,True,True,16,194423658863015301169265172209088013481467278938763061102807933960813807457644584649814590239044727290042596935238606103959894435465533484553787132075723076952617105385143736017414649873977964082418669811156094739851988152689117571793275170340226484877446280376791070233233539269196087896127336049639159902291991175761387026169789681348447662874790362173358268347643418973070494258247461889105639505920000000000000000000000000000000000000000000000000000000
SD-C23,16,16,240,240,16,255,True,True,16,2562450382856306867408649187314203700919053315566510134866220673896552814466217916267688240048736134789238907922451747900228438319838851392648611227648587215262357524718003283552698671380676822086531400540348028023526450537923750933397711893196164890453275778090075063241054024040567216684509365645006714917448527268672164247835592784931289068890535291327804098187090929204321272484589972613279385331631564719290626511222408522760192000000000000000000000000000000000000000000000000000000000000
